{
  "9b": {
    "models": {
      "Qwen2.5-0.5B": {
        "model_id": "Qwen/Qwen2.5-0.5B",
        "n_layers": 24,
        "hidden_dim": 896,
        "n_params_m": 495,
        "peak_layer": 0,
        "peak_layer_frac": 0.0,
        "layer_profile": {
          "0": 0.1337442692211847,
          "2": 0.05921165569469704,
          "4": 0.08771529047941767,
          "6": 0.09918061432939218,
          "8": 0.09754280768921211,
          "10": 0.09233888405474389,
          "12": 0.09625203944372707,
          "14": 0.08940730667703739,
          "16": 0.09271112440637096,
          "18": 0.08107532880460752,
          "20": 0.0753616994253109,
          "21": 0.13552667083210782,
          "22": 0.13634521939754618,
          "23": 0.0952828693067205
        },
        "partial_corr": {
          "mean": 0.13369793355539925,
          "std": 8.47265714540806e-05,
          "per_seed": [
            0.1337442692211847,
            0.13357907015091247,
            0.13377046129410053
          ],
          "ci_95": [
            0.13357907015091247,
            0.13377046129410053
          ]
        },
        "seed_agreement": {
          "mean": 0.9976868152652205,
          "pairwise": [
            0.9971098708387485,
            0.9981656105468976,
            0.9977849644100156
          ],
          "ci_95": [
            0.9971098708387484,
            0.9981656105468976
          ]
        },
        "output_controlled": {
          "mean": 0.05446364495461974,
          "std": 0.0018813536057578325,
          "per_seed": [
            0.05423853461105994,
            0.05228028395093422,
            0.05687211630186507
          ],
          "ci_95": [
            0.052280283950934224,
            0.05687211630186507
          ]
        },
        "baselines": {
          "ff_goodness": 0.005568428482049242,
          "active_ratio": -0.0023416180201263825,
          "act_entropy": -0.0037452098059740963,
          "activation_norm": 0.0005739607939149223,
          "random_head": -0.02311647580769022
        },
        "n_train_tokens": 171428,
        "n_test_tokens": 85714
      },
      "Qwen2.5-1.5B": {
        "model_id": "Qwen/Qwen2.5-1.5B",
        "n_layers": 28,
        "hidden_dim": 1536,
        "n_params_m": 1544,
        "peak_layer": 19,
        "peak_layer_frac": 0.68,
        "layer_profile": {
          "0": 0.14843546076800174,
          "2": 0.14915268263789494,
          "4": 0.15664217979847922,
          "6": 0.19180250299189572,
          "8": 0.23694739937017467,
          "10": 0.24279016022303057,
          "12": 0.2536478217828618,
          "14": 0.20548596329097868,
          "16": 0.19979576300760557,
          "17": 0.20896267367527774,
          "18": 0.2826725616269998,
          "19": 0.2863142996028268,
          "20": 0.2130903499057997,
          "22": 0.2751131336387177,
          "24": 0.20746468884228025,
          "26": 0.2550401252199522,
          "27": 0.24552597707092222
        },
        "partial_corr": {
          "mean": 0.28440150378929224,
          "std": 0.002695879506707869,
          "per_seed": [
            0.2863142996028268,
            0.2863012498921689,
            0.28058896187288107
          ],
          "ci_95": [
            0.28058896187288107,
            0.2863142996028268
          ]
        },
        "seed_agreement": {
          "mean": 0.9819991085494025,
          "pairwise": [
            0.9821996605261966,
            0.9810940649807043,
            0.9827036001413068
          ],
          "ci_95": [
            0.9810940649807044,
            0.9827036001413068
          ]
        },
        "output_controlled": {
          "mean": 0.20722629482847577,
          "std": 0.008308075201746926,
          "per_seed": [
            0.19845658847754633,
            0.2048394895493465,
            0.21838280645853447
          ],
          "ci_95": [
            0.19845658847754633,
            0.21838280645853447
          ]
        },
        "baselines": {
          "ff_goodness": -0.00040519882640615526,
          "active_ratio": 0.016822028597694154,
          "act_entropy": -0.02692263531369514,
          "activation_norm": 0.00055852931949938,
          "random_head": -0.034787510034976966
        },
        "n_train_tokens": 100000,
        "n_test_tokens": 50000
      }
    }
  },
  "9a": {
    "models": {
      "Llama-3.2-1B": {
        "model_id": "meta-llama/Llama-3.2-1B",
        "n_layers": 16,
        "hidden_dim": 2048,
        "n_params_m": 1236,
        "peak_layer": 6,
        "peak_layer_frac": 0.38,
        "layer_profile": {
          "0": 0.17149658717385963,
          "1": 0.2125304086650015,
          "2": 0.22551502586869615,
          "3": 0.22846066054250777,
          "4": 0.22487509049301174,
          "5": 0.2366965365736731,
          "6": 0.24935813486444255,
          "7": 0.24598254807828232,
          "8": 0.24710709388025426,
          "9": 0.24315692203464417,
          "10": 0.23706555404999952,
          "11": 0.22644973778402966,
          "12": 0.1723440420520947,
          "13": 0.16555739862315513,
          "14": 0.16126346360318522,
          "15": 0.17122701694200707
        },
        "partial_corr": {
          "mean": 0.25047312610284317,
          "std": 0.002215874125192283,
          "per_seed": [
            0.24935813486444255,
            0.24849433642425806,
            0.25356690701982887
          ],
          "ci_95": [
            0.24849433642425808,
            0.25356690701982887
          ]
        },
        "seed_agreement": {
          "mean": 0.9986835111038861,
          "pairwise": [
            0.9986039967746322,
            0.9989975159792238,
            0.9984490205578022
          ],
          "ci_95": [
            0.9984490205578022,
            0.9989975159792238
          ]
        },
        "output_controlled": {
          "mean": 0.12609545809386882,
          "std": 0.004264626657332545,
          "per_seed": [
            0.12494818766896269,
            0.12154138536624291,
            0.13179680124640084
          ],
          "ci_95": [
            0.12154138536624291,
            0.13179680124640084
          ]
        },
        "baselines": {
          "ff_goodness": -0.012858169457803617,
          "active_ratio": 0.01775640076729047,
          "act_entropy": -0.014958253788105563,
          "activation_norm": -0.00019611730441666613,
          "random_head": 0.028437578386214746
        },
        "n_train_tokens": 307200,
        "n_test_tokens": 153600
      }
    }
  },
  "9c_qwen3b": {
    "models": {
      "Qwen2.5-3B": {
        "model_id": "Qwen/Qwen2.5-3B",
        "n_layers": 36,
        "hidden_dim": 2048,
        "n_params_m": 3086,
        "peak_layer": 28,
        "peak_layer_frac": 0.78,
        "layer_profile": {
          "0": 0.1869773795963211,
          "3": 0.17537359272355948,
          "6": 0.17994818430143172,
          "9": 0.1825948244973507,
          "12": 0.19408301754543575,
          "15": 0.22241240662472045,
          "18": 0.22601932102543193,
          "21": 0.22251629120018407,
          "24": 0.23431386357156253,
          "27": 0.2480137978397749,
          "28": 0.2672461323997657,
          "29": 0.22937515492572597,
          "30": 0.2633496170506038,
          "31": 0.25580481869840777,
          "32": 0.23893004518111186,
          "33": 0.2276621471242618,
          "35": 0.24656422122733979
        },
        "partial_corr": {
          "mean": 0.22672023686897555,
          "std": 0.028702881258887834,
          "per_seed": [
            0.2672461323997657,
            0.2044518134958172,
            0.2084627647113437
          ],
          "ci_95": [
            0.2044518134958172,
            0.2672461323997657
          ]
        },
        "seed_agreement": {
          "mean": 0.8935556524640426,