{
  "9b": {
    "models": {
      "Qwen2.5-0.5B": {
        "model_id": "Qwen/Qwen2.5-0.5B",
        "n_layers": 24,
        "hidden_dim": 896,
        "n_params_m": 495,
        "peak_layer": 0,
        "peak_layer_frac": 0.0,
        "layer_profile": {
          "0": 0.1337442692211847,
          "2": 0.05921165569469704,
          "4": 0.08771529047941767,
          "6": 0.09918061432939218,
          "8": 0.09754280768921211,
          "10": 0.09233888405474389,
          "12": 0.09625203944372707,
          "14": 0.08940730667703739,
          "16": 0.09271112440637096,
          "18": 0.08107532880460752,
          "20": 0.0753616994253109,
          "21": 0.13552667083210782,
          "22": 0.13634521939754618,
          "23": 0.0952828693067205
        },
        "partial_corr": {
          "mean": 0.13369793355539925,
          "std": 8.47265714540806e-05,
          "per_seed": [
            0.1337442692211847,
            0.13357907015091247,
            0.13377046129410053
          ],
          "ci_95": [
            0.13357907015091247,
            0.13377046129410053
          ]
        },
        "seed_agreement": {
          "mean": 0.9976868152652205,
          "pairwise": [
            0.9971098708387485,
            0.9981656105468976,
            0.9977849644100156
          ],
          "ci_95": [
            0.9971098708387484,
            0.9981656105468976
          ]
        },
        "output_controlled": {
          "mean": 0.05446364495461974,
          "std": 0.0018813536057578325,
          "per_seed": [
            0.05423853461105994,
            0.05228028395093422,
            0.05687211630186507
          ],
          "ci_95": [
            0.052280283950934224,
            0.05687211630186507
          ]
        },
        "baselines": {
          "ff_goodness": 0.005568428482049242,
          "active_ratio": -0.0023416180201263825,
          "act_entropy": -0.0037452098059740963,
          "activation_norm": 0.0005739607939149223,
          "random_head": -0.02311647580769022
        },
        "n_train_tokens": 171428,
        "n_test_tokens": 85714
      },
      "Qwen2.5-1.5B": {
        "model_id": "Qwen/Qwen2.5-1.5B",
        "n_layers": 28,
        "hidden_dim": 1536,
        "n_params_m": 1544,
        "peak_layer": 19,
        "peak_layer_frac": 0.68,
        "layer_profile": {
          "0": 0.14843546076800174,
          "2": 0.14915268263789494,
          "4": 0.15664217979847922,
          "6": 0.19180250299189572,
          "8": 0.23694739937017467,
          "10": 0.24279016022303057,
          "12": 0.2536478217828618,
          "14": 0.20548596329097868,
          "16": 0.19979576300760557,
          "17": 0.20896267367527774,
          "18": 0.2826725616269998,
          "19": 0.2863142996028268,
          "20": 0.2130903499057997,
          "22": 0.2751131336387177,
          "24": 0.20746468884228025,
          "26": 0.2550401252199522,
          "27": 0.24552597707092222
        },
        "partial_corr": {
          "mean": 0.28440150378929224,
          "std": 0.002695879506707869,
          "per_seed": [
            0.2863142996028268,
            0.2863012498921689,
            0.28058896187288107
          ],
          "ci_95": [
            0.28058896187288107,
            0.2863142996028268
          ]
        },
        "seed_agreement": {
          "mean": 0.9819991085494025,
          "pairwise": [
            0.9821996605261966,
            0.9810940649807043,
            0.9827036001413068
          ],
          "ci_95": [
            0.9810940649807044,
            0.9827036001413068
          ]
        },
        "output_controlled": {
          "mean": 0.20722629482847577,
          "std": 0.008308075201746926,
          "per_seed": [
            0.19845658847754633,
            0.2048394895493465,
            0.21838280645853447
          ],
          "ci_95": [
            0.19845658847754633,
            0.21838280645853447
          ]
        },
        "baselines": {
          "ff_goodness": -0.00040519882640615526,
          "active_ratio": 0.016822028597694154,
          "act_entropy": -0.02692263531369514,
          "activation_norm": 0.00055852931949938,
          "random_head": -0.034787510034976966
        },
        "n_train_tokens": 100000,
        "n_test_tokens": 50000
      }
    }
  },
  "9a": {
    "models": {
      "gemma-2-2b": {
        "model_id": "google/gemma-2-2b",
        "n_layers": 26,
        "hidden_dim": 2304,
        "n_params_m": 2614,
        "peak_layer": 5,
        "peak_layer_frac": 0.19,
        "layer_profile": {
          "0": 0.0996472335029003,
          "2": 0.09710677781418375,
          "3": 0.10572563932337263,
          "4": 0.10785263063888935,
          "5": 0.11937422460526345,
          "6": 0.10762616917172149,
          "8": 0.08144880531954828,
          "10": 0.09341142450970429,
          "12": 0.09531389940279075,
          "14": 0.0911940935983678,
          "16": 0.09045875003621526,
          "18": 0.06641826853377523,
          "20": 0.07749793475218988,
          "22": 0.08443163300175265,
          "24": 0.08942398782250108,
          "25": 0.03669849139837075
        },
        "partial_corr": {
          "mean": 0.12510187757084243,
          "std": 0.006126714201557614,
          "per_seed": [
            0.11937422460526345,
            0.13359601789841644,
            0.12233539020884734
          ],
          "ci_95": [
            0.11937422460526344,
            0.13359601789841644
          ]
        },
        "seed_agreement": {
          "mean": 0.9302444220971431,
          "pairwise": [
            0.9301934348315389,
            0.9227627935543666,
            0.9377770379055236
          ],
          "ci_95": [
            0.9227627935543666,
            0.9377770379055236
          ]
        },
        "output_controlled": {
          "mean": 0.0838922537199578,
          "std": 0.0047577657988157225,
          "per_seed": [
            0.07852009302240022,
            0.09008681239620053,
            0.08306985574127268
          ],
          "ci_95": [
            0.07852009302240022,
            0.09008681239620053
          ]
        },
        "baselines": {
          "ff_goodness": -0.010203513721446351,
          "active_ratio": -0.020413795146058164,
          "act_entropy": -0.02147016862067854,
          "activation_norm": -0.0013591647277095692,
          "random_head": 0.025698296055462012
        },
        "n_train_tokens": 115000,
        "n_test_tokens": 56666
      }
    }
  }
}