{
  "model": "google/gemma-3-4b-pt",
  "n_params_b": 4.3,
  "n_layers": 34,
  "hidden_dim": 2560,
  "protocol": {
    "layer_select_seed": 42,
    "eval_seeds": [
      43,
      44,
      45,
      46,
      47,
      48,
      49
    ],
    "target_ex_per_dim": 350,
    "batch_size": 48,
    "layers_per_pass": 1
  },
  "peak_layer_final": 6,
  "peak_layer_frac": 0.18,
  "layer_profile": {
    "0": 0.16203723847834203,
    "1": 0.15263507350358255,
    "2": 0.16463421461871094,
    "3": 0.15922103686284061,
    "4": 0.16801702699701596,
    "5": 0.18809990896000917,
    "6": 0.1961081318144748,
    "7": 0.1788260239727206,
    "8": 0.17851043432649583,
    "9": 0.16622450711742523,
    "10": 0.1556354133884301,
    "11": 0.11672004833546605,
    "12": 0.14229941910301713,
    "13": 0.12139564390504388,
    "14": 0.1544847134823679,
    "15": 0.15772638747047482,
    "16": 0.13297021944865303,
    "17": 0.11949988819173794,
    "18": 0.10270780165437003,
    "19": 0.08898634234754241,
    "20": 0.06915185414853725,
    "21": 0.11237699588888489,
    "22": 0.0859243458797878,
    "23": 0.10569094534629765,
    "24": 0.05794938387178198,
    "25": 0.08491922336746346,
    "26": 0.05855018238959627,
    "27": 0.062241732008749384,
    "28": 0.07976668397714401,
    "29": 0.06039688675685407,
    "30": 0.09131875928909418,
    "31": 0.0673391852121154,
    "32": 0.05953503221816884,
    "33": 0.12869356286191416
  },
  "multi_layer_eval": {
    "5": {
      "mean": 0.18208697832648912,
      "std": 0.009838705249432547,
      "per_seed": [
        0.17181021583605055,
        0.1945470230324965,
        0.17900103502338532,
        0.1721719186807427,
        0.1736085123860297,
        0.186692798519739,
        0.19677734480698014
      ],
      "seed_agreement": 0.7889814163702088
    },
    "6": {
      "mean": 0.19134742429640408,
      "std": 0.006993086788484317,
      "per_seed": [
        0.18866524737957505,
        0.18700583844177315,
        0.19615142557815862,
        0.1838588094375524,
        0.20622974972654673,
        0.1876990512688941,
        0.18982184824232845
      ],
      "seed_agreement": 0.8017785934165399
    },
    "7": {
      "mean": 0.1635862039675998,
      "std": 0.0077967391321101765,
      "per_seed": [
        0.16483206080945792,
        0.14669226846399308,
        0.16820534836882972,
        0.16288895240775308,
        0.17341804890443405,
        0.1675570045370624,
        0.16150974428166834
      ],
      "seed_agreement": 0.7518850486452312
    },
    "8": {
      "mean": 0.15975269648787946,
      "std": 0.010855491664632426,
      "per_seed": [
        0.16376381111383287,
        0.15345860227670233,
        0.18144930200578985,
        0.15417487026248008,
        0.1550614930239383,
        0.16526784566264965,
        0.1450929510697631
      ],
      "seed_agreement": 0.6801987664500043
    }
  },
  "partial_corr": {
    "mean": 0.19134742429640408,
    "std": 0.006993086788484317,
    "per_seed": [
      0.18866524737957505,
      0.18700583844177315,
      0.19615142557815862,
      0.1838588094375524,
      0.20622974972654673,
      0.1876990512688941,
      0.18982184824232845
    ],
    "n_seeds": 7,
    "split": "validation (held-out seeds)"
  },
  "test_split_comparison": {
    "mean": 0.19233656794125706,
    "per_seed": [
      0.1903550231631502,
      0.1891899832280913,
      0.19746469743252967
    ]
  },
  "seed_agreement": {
    "mean": 0.8017785934165399
  },
  "output_controlled": {
    "mean": 0.05880493916974996,
    "per_seed": [
      0.04945698308419653,
      0.0580953203446974,
      0.06886251408035592
    ]
  },
  "baselines": {
    "ff_goodness": -0.002304719046951903,
    "active_ratio": -0.005669272629117816,
    "act_entropy": -0.03155367911257736,
    "activation_norm": -0.0034919314093803614,
    "random_head": -0.0102388697019894
  },
  "cross_domain": {
    "wikitext": 0.1906075037998356,
    "c4": 0.13046035140744194,
    "c4_within": -0.03159717673441798
  },
  "control_sensitivity": {
    "none": 0.5062635170454507,
    "softmax_only": 0.18783295939791889,
    "norm_only": 0.5065019263815017,
    "standard": 0.18866524737957505,
    "plus_entropy": 0.08345019867054171,
    "nonlinear": 0.21133949353349074
  },
  "flagging_6a": {
    "n_tokens": 192735,
    "summary": {
      "0.05": {
        "observer_exclusive": 6734.0
      },
      "0.1": {
        "observer_exclusive": 10987.666666666666
      },
      "0.2": {
        "observer_exclusive": 13677.333333333334
      },
      "0.3": {
        "observer_exclusive": 13338.0
      }
    }
  }
}