{
  "model": "google/gemma-3-1b-pt",
  "n_params_b": 1.0,
  "n_layers": 26,
  "hidden_dim": 1152,
  "protocol": {
    "layer_select_seed": 42,
    "eval_seeds": [
      43,
      44,
      45,
      46,
      47,
      48,
      49
    ],
    "target_ex_per_dim": 150,
    "n_train_tokens": 172800,
    "batch_size": 8
  },
  "peak_layer_final": 1,
  "peak_layer_frac": 0.04,
  "layer_profile": {
    "0": 0.2894261856566876,
    "1": 0.3874863925184833,
    "2": 0.233673847003736,
    "3": 0.1913809229932909,
    "4": 0.21479332447945193,
    "5": 0.212170408143701,
    "6": 0.3350691804042297,
    "7": 0.33346121147377333,
    "8": 0.27463951176977097,
    "9": 0.3035475855331988,
    "10": 0.19653371603899628,
    "11": 0.20698971573366648,
    "12": 0.24042894550926494,
    "13": 0.23008151265645188,
    "14": 0.18821253652385922,
    "15": 0.20726619361979737,
    "16": 0.20094866720298232,
    "17": 0.19450959485002384,
    "18": 0.22209686860924577,
    "19": 0.23908101119124975,
    "20": 0.24688672225935732,
    "21": 0.29943451634969337,
    "22": 0.23592953202427847,
    "23": 0.30168936301569277,
    "24": 0.2784700877857856,
    "25": 0.23944247027017107
  },
  "multi_layer_eval": {
    "1": {
      "mean": 0.38795260531712195,
      "std": 0.004030321825909181,
      "per_seed": [
        0.38735726524194125,
        0.3951812680154139,
        0.386876607296795,
        0.38082274058669796,
        0.3872506630342311,
        0.3873542827765546,
        0.39082541026821993
      ],
      "seed_agreement": 0.9799296533510226
    },
    "6": {
      "mean": 0.3286228278549455,
      "std": 0.002480349926012879,
      "per_seed": [
        0.3301761112910757,
        0.32831688165282724,
        0.3298780808920017,
        0.32490870204093614,
        0.33250869513688747,
        0.32909013938478376,
        0.32548118458610653
      ],
      "seed_agreement": 0.9178107867278178
    },
    "7": {
      "mean": 0.3263488563076357,
      "std": 0.003679867985497183,
      "per_seed": [
        0.3278775005147745,
        0.3225044758477955,
        0.3322694529714031,
        0.32114624531770153,
        0.3280261031911798,
        0.32883270099048395,
        0.32378551532011174
      ],
      "seed_agreement": 0.9067878603415219
    },
    "9": {
      "mean": 0.2935095815735465,
      "std": 0.005214196538742769,
      "per_seed": [
        0.29757582294079216,
        0.29323059814911046,
        0.29639717722234626,
        0.28537293938284014,
        0.30085689885393674,
        0.29429889562745526,
        0.28683473883834437
      ],
      "seed_agreement": 0.8987312582639091
    }
  },
  "partial_corr": {
    "mean": 0.38795260531712195,
    "std": 0.004030321825909181,
    "per_seed": [
      0.38735726524194125,
      0.3951812680154139,
      0.386876607296795,
      0.38082274058669796,
      0.3872506630342311,
      0.3873542827765546,
      0.39082541026821993
    ],
    "n_seeds": 7,
    "split": "validation (held-out seeds)"
  },
  "test_split_comparison": {
    "mean": 0.36162766084884806,
    "per_seed": [
      0.36016241202882426,
      0.36609729241207417,
      0.35862327810564576
    ]
  },
  "seed_agreement": {
    "mean": 0.9799296533510226
  },
  "output_controlled": {
    "mean": 0.307385501336848,
    "per_seed": [
      0.29890213111497427,
      0.31321643033300733,
      0.31003794256256234
    ]
  },
  "baselines": {
    "ff_goodness": 0.0022886277175157774,
    "active_ratio": 0.1352265187930713,
    "act_entropy": 0.23869900907442254,
    "activation_norm": -5.989379055758553e-05,
    "random_head": 0.21294404042011061
  },
  "cross_domain": {
    "wikitext": 0.3898050468513834,
    "c4": 0.44351671063690973,
    "c4_within": 0.45723428839248975
  },
  "control_sensitivity": {
    "none": 0.4911798683356731,
    "softmax_only": 0.361822752778018,
    "norm_only": 0.4848995425503412,
    "standard": 0.38735726524194125,
    "plus_entropy": 0.3304982141606373,
    "nonlinear": 0.4719281236497489
  },
  "flagging_6a": {
    "n_tokens": 172888,
    "summary": {
      "0.05": {
        "observer_exclusive": 42528.333333333336
      },
      "0.1": {
        "observer_exclusive": 14.0
      },
      "0.2": {
        "observer_exclusive": 14.0
      },
      "0.3": {
        "observer_exclusive": 1739.6666666666667
      }
    },
    "_invalid": "Suspected inverted observer score polarity. Exclusive catch counts are unreliable. Needs recomputation with sign check. See 2026-04-13 session."
  },
  "exdim_validation": {
    "target_ex_per_dim": 350,
    "n_train_tokens": 403200,
    "seeds": [
      42,
      43,
      44
    ],
    "L1": {
      "mean": 0.3924,
      "per_seed": [
        0.394,
        0.3919,
        0.3913
      ],
      "std": 0.0012,
      "random_head": 0.2139
    },
    "L6": {
      "mean": 0.3291,
      "per_seed": [
        0.3269,
        0.3287,
        0.3318
      ],
      "std": 0.002,
      "random_head": 0.2191
    },
    "note": "Sanity check at 350 ex/dim confirms 150 ex/dim results are not inflated. Random head baseline is real representation geometry, not probe overfitting."
  },
  "provenance": {
    "model_revision": "fcf18a2a",
    "script": "scripts/run_model.py",
    "timestamp": "2026-04-12T21:39:33-05:00"
  }
}
