{
  "model": "meta-llama/Llama-3.2-3B",
  "n_layers": 28,
  "hidden_dim": 3072,
  "device": "mps",
  "results": {
    "9": {
      "raw": 0.07432019023809561,
      "partial": 0.010751196832487214,
      "depth": 0.33
    },
    "14": {
      "raw": 0.09952249145163218,
      "partial": 0.020673399413042175,
      "depth": 0.5
    },
    "18": {
      "raw": 0.11625823293712198,
      "partial": 0.011908267121134283,
      "depth": 0.67
    }
  }
}