{
  "model": "meta-llama/Llama-3.1-8B",
  "n_params_b": 8.0,
  "n_layers": 32,
  "hidden_dim": 4096,
  "peak_layer": 0,
  "peak_layer_frac": 0.0,
  "layer_profile": {
    "0": 0.08503659710985365,
    "1": 0.01916027238343824,
    "2": 0.03002464295214319,
    "4": 0.032689994368592504,
    "6": 0.035197480578114726,
    "8": 0.03716334912840312,
    "10": 0.03407548450355904,
    "12": 0.04420712789777933,
    "14": 0.044219435941107624,
    "16": 0.037938954924745937,
    "18": 0.03578436190161446,
    "20": 0.03791511496572701,
    "22": 0.028205361388451825,
    "24": 0.0259395417702704,
    "26": 0.030581632366342232,
    "28": 0.03527292141215996,
    "30": 0.06135028208610966,
    "31": 0.001247475382163582
  },
  "partial_corr": {
    "mean": 0.08760433203805867,
    "per_seed": [
      0.08503659710985365,
      0.09286960416651568,
      0.08490679483780668
    ]
  },
  "seed_agreement": {
    "mean": 0.9994292154695116,
    "pairwise": [
      0.9992539012703291,
      0.9997008458932973,
      0.9993328992449083
    ]
  },
  "output_controlled": {
    "mean": 0.05350430947483787,
    "per_seed": [
      0.05596731204269929,
      0.057730061984181194,
      0.04681555439763312
    ]
  },
  "cross_domain": {
    "wikitext": 0.08760433203805867,
    "c4": 0.017775943140367404,
    "code": -0.015187906752786298,
    "c4_within": -0.041280216362830656
  },
  "control_sensitivity": {
    "none": 0.21163482145837412,
    "softmax_only": 0.05139171469720036,
    "norm_only": 0.13593353775492353,
    "standard": 0.08503659710985365,
    "plus_entropy": 0.008035297690411348,
    "nonlinear": 0.029012324358658997
  }
}