{
  "model": "meta-llama/Llama-3.1-8B",
  "n_params_b": 8.03,
  "n_layers": 32,
  "hidden_dim": 4096,
  "protocol": {
    "layer_select_seed": 42,
    "eval_seeds": [
      43,
      44,
      45,
      46,
      47,
      48,
      49
    ],
    "target_ex_per_dim": 350,
    "batch_size": 48,
    "layers_per_pass": 1
  },
  "peak_layer_final": 1,
  "peak_layer_frac": 0.03,
  "layer_profile": {
    "0": 0.0958916128032921,
    "1": 0.10514472246289094,
    "2": 0.09969874990709678,
    "3": 0.09561851741173075,
    "4": 0.09228692222001351,
    "5": 0.09778656863624809,
    "6": 0.10223266079673286,
    "7": 0.1014223876901042,
    "8": 0.1036319877503634,
    "9": 0.10008080298130136,
    "10": 0.09900443169531686,
    "11": 0.10309186949125627,
    "12": 0.09589604993286624,
    "13": 0.09802076082795468,
    "14": 0.09103697395629072,
    "15": 0.09321602175725963,
    "16": 0.08458509302899819,
    "17": 0.09412566662262933,
    "18": 0.09919463427449102,
    "19": 0.10429323727177887,
    "20": 0.10259690790024337,
    "21": 0.08951871923217315,
    "22": 0.0760336030657679,
    "23": 0.06282389311603871,
    "24": 0.05803801615298094,
    "25": 0.0590823405721881,
    "26": 0.05422841068159288,
    "27": 0.05649165730708914,
    "28": 0.061402780361905204,
    "29": 0.06588777130134937,
    "30": 0.07547303157670916,
    "31": 0.11485019136515524
  },
  "multi_layer_eval": {
    "1": {
      "mean": 0.0932214791949697,
      "std": 0.012318348568010205,
      "per_seed": [
        0.07140137986660752,
        0.09719691491037356,
        0.09865495779061195,
        0.09122435752044511,
        0.10370231244326976,
        0.08070765427400467,
        0.10966277755947539
      ],
      "seed_agreement": 0.9940248818682788
    },
    "8": {
      "mean": 0.09075768037181542,
      "std": 0.007448357569646113,
      "per_seed": [
        0.07460755079503337,
        0.09519899249784701,
        0.09369468677771772,
        0.09077426988324898,
        0.09416226540234755,
        0.08738063800585569,
        0.09948535924065764
      ],
      "seed_agreement": 0.9953915555991892
    },
    "19": {
      "mean": 0.08863188071022428,
      "std": 0.005080793338703458,
      "per_seed": [
        0.07873879145393495,
        0.08462861172458375,
        0.08894434555795105,
        0.09168582126204335,
        0.09341059076078181,
        0.08850723584276034,
        0.09450776836951463
      ],
      "seed_agreement": 0.9869608749119672
    }
  },
  "partial_corr": {
    "mean": 0.0932214791949697,
    "std": 0.012318348568010205,
    "per_seed": [
      0.07140137986660752,
      0.09719691491037356,
      0.09865495779061195,
      0.09122435752044511,
      0.10370231244326976,
      0.08070765427400467,
      0.10966277755947539
    ],
    "n_seeds": 7,
    "split": "validation (held-out seeds)"
  },
  "test_split_comparison": {
    "mean": 0.0821,
    "per_seed": [
      0.0821
    ],
    "note": "single test mean from Phase 5"
  },
  "seed_agreement": {
    "mean": 0.9940248818682788
  },
  "output_controlled": {
    "mean": -0.0067,
    "per_seed": [
      -0.0091,
      -0.0043
    ],
    "note": "2 of 3 seeds completed"
  },
  "baselines": {
    "ff_goodness": -0.0024,
    "active_ratio": 0.0222,
    "act_entropy": -0.0328,
    "activation_norm": -0.0014,
    "random_head": 0.0046
  }
}