{
  "model": "meta-llama/Llama-3.2-1B-Instruct",
  "n_params_b": 1.24,
  "n_layers": 16,
  "hidden_dim": 2048,
  "protocol": {
    "layer_select_seed": 42,
    "eval_seeds": [
      43,
      44,
      45,
      46,
      47,
      48,
      49
    ],
    "target_ex_per_dim": 350,
    "batch_size": 48,
    "layers_per_pass": 1
  },
  "peak_layer_final": 12,
  "peak_layer_frac": 0.75,
  "layer_profile": {
    "0": 0.18215331106656057,
    "1": 0.2040864990988044,
    "2": 0.23254745031708088,
    "3": 0.24219884454196236,
    "4": 0.24751227666254938,
    "5": 0.2592590971752474,
    "6": 0.26326733995693014,
    "7": 0.2685553628134634,
    "8": 0.2693697832491609,
    "9": 0.27192896587898385,
    "10": 0.27333242956914156,
    "11": 0.2722769476266881,
    "12": 0.27543088279980965,
    "13": 0.27801648982633476,
    "14": 0.28033787082049894,
    "15": 0.2663197700604192
  },
  "multi_layer_eval": {
    "10": {
      "mean": 0.28308119222253675,
      "std": 0.002210961618641128,
      "per_seed": [
        0.28691125592449157,
        0.2817312910428581,
        0.28144884538515846,
        0.28349838360533236,
        0.2807115744456273,
        0.28155226451327126,
        0.285714730641018
      ],
      "seed_agreement": 0.9981537204689039
    },
    "12": {
      "mean": 0.28536898704980523,
      "std": 0.0018870589312805768,
      "per_seed": [
        0.2893445953181872,
        0.28418572164590816,
        0.2832832911957357,
        0.2864022288493248,
        0.2843849710871175,
        0.28426658991509735,
        0.2857155113372661
      ],
      "seed_agreement": 0.9970397555531779
    }
  },
  "partial_corr": {
    "mean": 0.28536898704980523,
    "std": 0.0018870589312805768,
    "per_seed": [
      0.2893445953181872,
      0.28418572164590816,
      0.2832832911957357,
      0.2864022288493248,
      0.2843849710871175,
      0.28426658991509735,
      0.2857155113372661
    ],
    "n_seeds": 7,
    "split": "validation (held-out seeds)"
  },
  "test_split_comparison": {
    "mean": 0.2871221495123269,
    "per_seed": [
      0.29044939317252005,
      0.2856496136465881,
      0.28526744171787255
    ]
  },
  "seed_agreement": {
    "mean": 0.9970397555531779
  },
  "output_controlled": {
    "mean": 0.11933332302057813,
    "per_seed": [
      0.12376585106763206,
      0.10906218419838329,
      0.125171933795719
    ]
  },
  "baselines": {
    "ff_goodness": -0.004342743756015326,
    "active_ratio": -0.018278901943001212,
    "act_entropy": -0.04308946036438782,
    "activation_norm": 0.0005921552359539358,
    "random_head": 0.002532482055589986
  },
  "cross_domain": {
    "wikitext": 0.285604536053277,
    "c4": 0.18480264006386063,
    "c4_within": 0.23949693000159708
  },
  "control_sensitivity": {
    "none": 0.6226984962353633,
    "softmax_only": 0.296899868271894,
    "norm_only": 0.5948756595950713,
    "standard": 0.2893445953181872,
    "plus_entropy": 0.18646441571884648,
    "nonlinear": 0.2945476238005178
  },
  "flagging_6a": {
    "n_tokens": 191116,
    "summary": {
      "0.05": {
        "observer_exclusive": 5803.666666666667
      },
      "0.1": {
        "observer_exclusive": 9434.666666666666
      },
      "0.2": {
        "observer_exclusive": 13347.333333333334
      },
      "0.3": {
        "observer_exclusive": 14583.666666666666
      }
    }
  }
}