{
  "model": "meta-llama/Llama-3.2-3B",
  "n_params_b": 3.21,
  "n_layers": 28,
  "hidden_dim": 3072,
  "protocol": {
    "layer_select_seed": 42,
    "eval_seeds": [
      43,
      44,
      45,
      46,
      47,
      48,
      49
    ],
    "target_ex_per_dim": 350,
    "batch_size": 48,
    "layers_per_pass": 1
  },
  "peak_layer_final": 0,
  "peak_layer_frac": 0.0,
  "layer_profile": {
    "0": 0.09124551968522698,
    "1": 0.0471505233883786,
    "2": 0.04666249137105107,
    "3": 0.04461728959347465,
    "4": 0.05057230010501767,
    "5": 0.054982685242777836,
    "6": 0.055668738757131665,
    "7": 0.059403039429007896,
    "8": 0.06464131002249472,
    "9": 0.05518445959678448,
    "10": 0.06129679930522047,
    "11": 0.05935009091135666,
    "12": 0.05660664584069419,
    "13": 0.05910707628971227,
    "14": 0.058728397753223346,
    "15": 0.05917342840657857,
    "16": 0.05985484692061933,
    "17": 0.05947564910639379,
    "18": 0.059504549377972095,
    "19": 0.053018002719560066,
    "20": 0.0492704265334026,
    "21": 0.05056337277378226,
    "22": 0.05440369497184195,
    "23": 0.05951019535223714,
    "24": 0.06184649018334129,
    "25": 0.06747195936038111,
    "26": 0.0802546578560158,
    "27": 0.11824853179264484
  },
  "multi_layer_eval": {
    "0": {
      "mean": 0.09067087045199515,
      "std": 0.005698446145552114,
      "per_seed": [
        0.08934697330446624,
        0.10195430188659611,
        0.09393421633407854,
        0.08484923833096926,
        0.08751910959470524,
        0.09271349992764524,
        0.08437875378550545
      ],
      "seed_agreement": 0.9983168569680193
    }
  },
  "partial_corr": {
    "mean": 0.09067087045199515,
    "std": 0.005698446145552114,
    "per_seed": [
      0.08934697330446624,
      0.10195430188659611,
      0.09393421633407854,
      0.08484923833096926,
      0.08751910959470524,
      0.09271349992764524,
      0.08437875378550545
    ],
    "n_seeds": 7,
    "split": "validation (held-out seeds)"
  },
  "test_split_comparison": {
    "mean": 0.09677283842407065,
    "per_seed": [
      0.09087713824207545,
      0.10364705693902423,
      0.09579432009111224
    ]
  },
  "seed_agreement": {
    "mean": 0.9983168569680193
  },
  "output_controlled": {
    "mean": 0.03113416949189698,
    "per_seed": [
      0.02497847801729334,
      0.03911028071664725,
      0.029313749741750342
    ]
  },
  "baselines": {
    "ff_goodness": 0.0024818282641697323,
    "active_ratio": -0.07850412230955986,
    "act_entropy": -0.01960818329268941,
    "activation_norm": -0.003964634890791348,
    "random_head": -0.0017690436499612353
  },
  "cross_domain": {
    "wikitext": 0.09507849717504696,
    "c4": 0.04111600146875075,
    "c4_within": -0.03297474685905447
  },
  "control_sensitivity": {
    "none": 0.2469069894456212,
    "softmax_only": 0.07387309476894995,
    "norm_only": 0.17446560548515191,
    "standard": 0.08934697330446624,
    "plus_entropy": 0.005415076003696319,
    "nonlinear": -0.005497860931901682
  },
  "flagging_6a": {
    "n_tokens": 191116,
    "summary": {
      "0.05": {
        "observer_exclusive": 3678.0
      },
      "0.1": {
        "observer_exclusive": 8004.333333333333
      },
      "0.2": {
        "observer_exclusive": 11071.666666666666
      },
      "0.3": {
        "observer_exclusive": 11502.333333333334
      }
    }
  }
}