{
  "model": "meta-llama/Llama-3.2-3B",
  "n_layers": 28,
  "hidden_dim": 3072,
  "protocol": {
    "layer_select_seed": 42,
    "eval_seeds": [
      43,
      44,
      45,
      46,
      47,
      48,
      49
    ],
    "target_ex_per_dim": 200,
    "batch_size": 16
  },
  "peak_layer_final": 0,
  "peak_layer_frac": 0.0,
  "layer_profile": {
    "0": 0.09320242229551433,
    "1": 0.03503258405988873,
    "2": 0.033229992853769943,
    "3": 0.03046881840820635,
    "4": 0.03829815903010496,
    "5": 0.036238922989209235,
    "6": 0.03313925718614917,
    "7": 0.04294546375935324,
    "8": 0.04700827812412139,
    "9": 0.03924731905997604,
    "10": 0.039615614765319274,
    "11": 0.04150667495337312,
    "12": 0.03984241798128707,
    "13": 0.04404070689954763,
    "14": 0.04514378114330148,
    "15": 0.046787294276340624,
    "16": 0.04438095443388901,
    "17": 0.04391759110682131,
    "18": 0.04049299922647226,
    "19": 0.03747876663566756,
    "20": 0.03460305110068447,
    "21": 0.03578275872904057,
    "22": 0.040889869607725636,
    "23": 0.04860037014325537,
    "24": 0.05193476216850085,
    "25": 0.06250898943448417,
    "26": 0.06882910871998235,
    "27": 0.10738187065792351
  },
  "multi_layer_eval": {
    "0": {
      "mean": 0.08945614203894015,
      "std": 0.0025245510641718123,
      "per_seed": [
        0.09226262411316542,
        0.09027496389704566,
        0.08906777452391752,
        0.08880427805612058,
        0.08458361343443237,
        0.08846291237804436,
        0.0927368278698551
      ],
      "seed_agreement": 0.9994219874211135
    }
  },
  "partial_corr": {
    "mean": 0.08945614203894015,
    "std": 0.0025245510641718123,
    "per_seed": [
      0.09226262411316542,
      0.09027496389704566,
      0.08906777452391752,
      0.08880427805612058,
      0.08458361343443237,
      0.08846291237804436,
      0.0927368278698551
    ],
    "n_seeds": 7,
    "split": "validation (held-out seeds)"
  },
  "test_split_comparison": {
    "mean": 0.09148083704137315,
    "per_seed": [
      0.0932340702906954,
      0.0912466346263314,
      0.08996180620709263
    ]
  },
  "seed_agreement": {
    "mean": 0.9994219874211135
  },
  "output_controlled": {
    "mean": 0.032954387468140736,
    "per_seed": [
      0.037997623463166236,
      0.032260824679054965,
      0.028604714262201
    ]
  },
  "baselines": {
    "ff_goodness": -0.006027366364291992,
    "active_ratio": -0.07830887820571363,
    "act_entropy": -0.01957844689083244,
    "activation_norm": -0.00402774229485505,
    "random_head": -0.0016500706960813425
  },
  "cross_domain": {
    "wikitext": 0.09053512084470954,
    "c4": 0.037685395047445995,
    "c4_within": -0.030836431530608763
  },
  "control_sensitivity": {
    "none": 0.24024863056637866,
    "softmax_only": 0.0771680108766886,
    "norm_only": 0.16334989991188265,
    "standard": 0.09226262411316542,
    "plus_entropy": 0.004801923421219629,
    "nonlinear": -0.004910778508610882
  },
  "flagging_6a": {
    "n_tokens": 191116,
    "summary": {
      "0.05": {
        "observer_exclusive": 3301.3333333333335
      },
      "0.1": {
        "observer_exclusive": 7422.666666666667
      },
      "0.2": {
        "observer_exclusive": 11441.333333333334
      },
      "0.3": {
        "observer_exclusive": 11989.333333333334
      }
    }
  }
}