{
  "model": "meta-llama/Llama-3.2-1B",
  "n_params_b": 1.24,
  "n_layers": 16,
  "hidden_dim": 2048,
  "protocol": {
    "layer_select_seed": 42,
    "eval_seeds": [
      43,
      44,
      45,
      46,
      47,
      48,
      49
    ],
    "target_ex_per_dim": 350,
    "batch_size": 48,
    "layers_per_pass": 1
  },
  "peak_layer_final": 13,
  "peak_layer_frac": 0.81,
  "layer_profile": {
    "0": 0.17188126551132862,
    "1": 0.20030677305088773,
    "2": 0.2259818058154234,
    "3": 0.23464726300809602,
    "4": 0.24046301651508978,
    "5": 0.2545205346644891,
    "6": 0.2621175371808695,
    "7": 0.2700113941832102,
    "8": 0.27210862596419333,
    "9": 0.27203031356839374,
    "10": 0.2766506161797973,
    "11": 0.27615611023324815,
    "12": 0.27996426575893957,
    "13": 0.280242672307684,
    "14": 0.2738756807623211,
    "15": 0.2322300431720618
  },
  "multi_layer_eval": {
    "10": {
      "mean": 0.28199559302582966,
      "std": 0.006778849470456197,
      "per_seed": [
        0.2795289860479486,
        0.27998654128296574,
        0.2933739641802766,
        0.28583536845320995,
        0.27991130449244905,
        0.2697446409850931,
        0.2855883457388647
      ],
      "seed_agreement": 0.9977275422355883
    },
    "11": {
      "mean": 0.28111617821144147,
      "std": 0.0071545020026519465,
      "per_seed": [
        0.27823855305131323,
        0.2795453646367032,
        0.29357667903798373,
        0.28511623454974006,
        0.27828657784312705,
        0.26858358359664564,
        0.28446625476457754
      ],
      "seed_agreement": 0.996943500831118
    },
    "12": {
      "mean": 0.28450418611739636,
      "std": 0.007167758741875739,
      "per_seed": [
        0.2817594246919398,
        0.28369842940397744,
        0.297094046373927,
        0.2883670600674641,
        0.28107349069415666,
        0.27197729303641227,
        0.2875595585538977
      ],
      "seed_agreement": 0.9960275984936485
    },
    "13": {
      "mean": 0.2860148205768517,
      "std": 0.00637816016761755,
      "per_seed": [
        0.28380222923704534,
        0.2840224052323118,
        0.29654325595295983,
        0.2902174169077402,
        0.2834600124634107,
        0.27464360960343653,
        0.28941481464105734
      ],
      "seed_agreement": 0.9952254206557759
    }
  },
  "partial_corr": {
    "mean": 0.2860148205768517,
    "std": 0.00637816016761755,
    "per_seed": [
      0.28380222923704534,
      0.2840224052323118,
      0.29654325595295983,
      0.2902174169077402,
      0.2834600124634107,
      0.27464360960343653,
      0.28941481464105734
    ],
    "n_seeds": 7,
    "split": "validation (held-out seeds)"
  },
  "test_split_comparison": {
    "mean": 0.2876631239417876,
    "per_seed": [
      0.28394005111200166,
      0.2834367057506374,
      0.29561261496272373
    ]
  },
  "seed_agreement": {
    "mean": 0.9952254206557759
  },
  "output_controlled": {
    "mean": 0.12033820870314738,
    "per_seed": [
      0.11254530784309665,
      0.11338524056849472,
      0.13508407769785077
    ]
  },
  "baselines": {
    "ff_goodness": -0.0001819132920419692,
    "active_ratio": -0.0049133515707063405,
    "act_entropy": -0.056586788564020225,
    "activation_norm": -0.017445120139065805,
    "random_head": 0.012461201973764663
  },
  "cross_domain": {
    "wikitext": 0.28812263014077233,
    "c4": 0.15858791550175236,
    "c4_within": -0.045886860822018545
  },
  "control_sensitivity": {
    "none": 0.6551783812345504,
    "softmax_only": 0.29229742868029407,
    "norm_only": 0.62478465148189,
    "standard": 0.28380222923704534,
    "plus_entropy": 0.1442458751230131,
    "nonlinear": 0.29084389306069547
  },
  "flagging_6a": {
    "n_tokens": 191116,
    "summary": {
      "0.05": {
        "observer_exclusive": 6128.0
      },
      "0.1": {
        "observer_exclusive": 9574.666666666666
      },
      "0.2": {
        "observer_exclusive": 12640.666666666666
      },
      "0.3": {
        "observer_exclusive": 13299.666666666666
      }
    }
  }
}