{
  "model": "mistralai/Mistral-7B-v0.3",
  "n_params_b": 7.25,
  "n_layers": 32,
  "hidden_dim": 4096,
  "protocol": {
    "layer_select_seed": 42,
    "eval_seeds": [
      43,
      44,
      45,
      46,
      47,
      48,
      49
    ],
    "target_ex_per_dim": 350,
    "batch_size": 48,
    "layers_per_pass": 1
  },
  "peak_layer_final": 22,
  "peak_layer_frac": 0.69,
  "layer_profile": {
    "0": 0.17265108176216332,
    "1": 0.19958939830785805,
    "2": 0.23199316738645226,
    "3": 0.2415075845096907,
    "4": 0.2517949878307751,
    "5": 0.25828733718110153,
    "6": 0.2690563864581147,
    "7": 0.27588557082897536,
    "8": 0.2788691941168618,
    "9": 0.2867844651941119,
    "10": 0.29416777632472974,
    "11": 0.29666785651182226,
    "12": 0.30626011692210603,
    "13": 0.3079375982529724,
    "14": 0.3117558701158773,
    "15": 0.3113869254921215,
    "16": 0.30909162207868607,
    "17": 0.31208867853691746,
    "18": 0.3111061504659026,
    "19": 0.31014707446821355,
    "20": 0.3100097415209891,
    "21": 0.3112155303612134,
    "22": 0.31246893943326587,
    "23": 0.3105596924604737,
    "24": 0.3108855470127814,
    "25": 0.30983758167414993,
    "26": 0.3118949282242799,
    "27": 0.3075072536534666,
    "28": 0.29572499717591777,
    "29": 0.2640374639035884,
    "30": 0.21113430180423542,
    "31": 0.22854997552779563
  },
  "multi_layer_eval": {
    "14": {
      "mean": 0.3120202090745788,
      "std": 0.00018595366283305948,
      "per_seed": [
        0.31231724627618535,
        0.3122378208386117,
        0.31181166015361317,
        0.31178684503601994,
        0.3119314319681559,
        0.3120123564703411,
        0.3120441027791243
      ],
      "seed_agreement": 0.9992880843798085
    },
    "17": {
      "mean": 0.31232856717417995,
      "std": 0.00024310103575544468,
      "per_seed": [
        0.31278640560852905,
        0.3123730495572628,
        0.31188498762173905,
        0.3122664000257637,
        0.3123195586976822,
        0.3123092300224382,
        0.3123603386858446
      ],
      "seed_agreement": 0.998344601537747
    },
    "22": {
      "mean": 0.31335714552117133,
      "std": 0.0005736985404160101,
      "per_seed": [
        0.3139660614455259,
        0.3138672539825659,
        0.31383526220536856,
        0.3132782162959001,
        0.31218458512431174,
        0.31314272575124935,
        0.31322591384327786
      ],
      "seed_agreement": 0.9947167821911128
    }
  },
  "partial_corr": {
    "mean": 0.31335714552117133,
    "std": 0.0005736985404160101,
    "per_seed": [
      0.3139660614455259,
      0.3138672539825659,
      0.31383526220536856,
      0.3132782162959001,
      0.31218458512431174,
      0.31314272575124935,
      0.31322591384327786
    ],
    "n_seeds": 7,
    "split": "validation (held-out seeds)"
  },
  "test_split_comparison": {
    "mean": 0.31055119256510993,
    "per_seed": [
      0.3106383697944379,
      0.31038179496317464,
      0.3106334129377173
    ]
  },
  "seed_agreement": {
    "mean": 0.9947167821911128
  },
  "output_controlled": {
    "mean": 0.15567060364347518,
    "per_seed": [
      0.15673438044430732,
      0.15621273327553287,
      0.15406469721058533
    ]
  },
  "baselines": {
    "ff_goodness": -0.0019240728395856599,
    "active_ratio": -0.03156457992929519,
    "act_entropy": -0.012831874057740044,
    "activation_norm": 0.007423150333178767,
    "random_head": 0.014387885595364752
  },
  "cross_domain": {
    "wikitext": 0.3138895258778201,
    "c4": 0.155157253614152,
    "c4_within": -0.009608112094696605
  },
  "control_sensitivity": {
    "none": 0.7389191125783517,
    "softmax_only": 0.31874161342599183,
    "norm_only": 0.689727404316406,
    "standard": 0.3139660614455259,
    "plus_entropy": 0.19883970035084875,
    "nonlinear": 0.31719706646236917
  },
  "flagging_6a": {
    "n_tokens": 203059,
    "summary": {
      "0.05": {
        "observer_exclusive": 7370.333333333333
      },
      "0.1": {
        "observer_exclusive": 11533.666666666666
      },
      "0.2": {
        "observer_exclusive": 14701.0
      },
      "0.3": {
        "observer_exclusive": 12745.0
      }
    }
  }
}