{
  "model": "mistralai/Mistral-7B-Instruct-v0.3",
  "n_params_b": 7.25,
  "n_layers": 32,
  "hidden_dim": 4096,
  "provenance": {
    "model_revision": "c170c708c41dac9275d15a8fff4eca08d52bab71",
    "script": "scripts/run_model.py",
    "timestamp": "2026-04-22T04:07:45.100610+00:00",
    "device": "cuda",
    "torch_version": "2.8.0+cu128",
    "output_file": "mistral7b_instruct_v3_results.json"
  },
  "protocol": {
    "layer_select_seed": 42,
    "eval_seeds": [
      43,
      44,
      45,
      46,
      47,
      48,
      49
    ],
    "target_ex_per_dim": 350,
    "batch_size": 48,
    "layers_per_pass": 1
  },
  "peak_layer_final": 29,
  "peak_layer_frac": 0.91,
  "layer_profile": {
    "0": 0.175933514076276,
    "1": 0.20256327171438002,
    "2": 0.24005191220643424,
    "3": 0.254311088947443,
    "4": 0.263742474187067,
    "5": 0.2691368539461315,
    "6": 0.27800690990818505,
    "7": 0.2849210209643996,
    "8": 0.2861998908048061,
    "9": 0.29398391081170705,
    "10": 0.3010092164727458,
    "11": 0.30437226826339053,
    "12": 0.31079618243028595,
    "13": 0.3137393473250201,
    "14": 0.3158474124978512,
    "15": 0.3153733922524231,
    "16": 0.3139155851087422,
    "17": 0.31890671262039466,
    "18": 0.31831631213014755,
    "19": 0.3155298513912073,
    "20": 0.3129984043995274,
    "21": 0.3125187457541384,
    "22": 0.31343993803496834,
    "23": 0.31264610406346705,
    "24": 0.3144296863889206,
    "25": 0.3204651585795439,
    "26": 0.3279277725921044,
    "27": 0.3360273751542819,
    "28": 0.3309468400152087,
    "29": 0.33911958975776607,
    "30": 0.29453548522385387,
    "31": 0.3308352893870803
  },
  "multi_layer_eval": {
    "29": {
      "mean": 0.33900728942552055,
      "std": 0.0005431218968338607,
      "per_seed": [
        0.339176442613749,
        0.3390254556510746,
        0.33824531772469774,
        0.33887962537896765,
        0.33925826726973074,
        0.3384347779654266,
        0.3400311393749974
      ],
      "seed_agreement": 0.988370048897819
    }
  },
  "partial_corr": {
    "mean": 0.33900728942552055,
    "std": 0.0005431218968338607,
    "per_seed": [
      0.339176442613749,
      0.3390254556510746,
      0.33824531772469774,
      0.33887962537896765,
      0.33925826726973074,
      0.3384347779654266,
      0.3400311393749974
    ],
    "n_seeds": 7,
    "split": "validation (held-out seeds)"
  },
  "test_split_comparison": {
    "mean": 0.341520218082415,
    "per_seed": [
      0.3421302262430237,
      0.34298832096833504,
      0.3394421070358861
    ]
  },
  "seed_agreement": {
    "mean": 0.988370048897819
  },
  "output_controlled": {
    "mean": 0.17795710480812799,
    "per_seed": [
      0.1780547281411481,
      0.177354214855854,
      0.17846237142738183
    ]
  },
  "baselines": {
    "ff_goodness": -0.001307435646729541,
    "active_ratio": -0.02676872782839004,
    "act_entropy": -0.050563129110382354,
    "activation_norm": -0.007014147042175229,
    "random_head": -0.004277112541866649
  },
  "cross_domain": {
    "wikitext": 0.3388157386631738,
    "c4": 0.157156743226882,
    "c4_within": 0.22603311595731568
  },
  "control_sensitivity": {
    "none": 0.7241268802369066,
    "softmax_only": 0.3416931910793397,
    "norm_only": 0.6878222660075316,
    "standard": 0.339176442613749,
    "plus_entropy": 0.251832615365823,
    "nonlinear": 0.3318942565830562
  },
  "flagging_6a": {
    "n_tokens": 203059,
    "summary": {
      "0.05": {
        "observer_exclusive": 7725.666666666667
      },
      "0.1": {
        "observer_exclusive": 12450.666666666666
      },
      "0.2": {
        "observer_exclusive": 15405.0
      },
      "0.3": {
        "observer_exclusive": 14588.666666666666
      }
    }
  }
}