{
  "model": "microsoft/Phi-3-mini-4k-instruct",
  "n_params_b": 3.82,
  "n_layers": 32,
  "hidden_dim": 3072,
  "protocol": {
    "layer_select_seed": 42,
    "eval_seeds": [
      43,
      44,
      45,
      46,
      47,
      48,
      49
    ],
    "target_ex_per_dim": 350,
    "batch_size": 48,
    "layers_per_pass": 1
  },
  "peak_layer_final": 17,
  "peak_layer_frac": 0.53,
  "layer_profile": {
    "0": 0.15035144651393373,
    "1": 0.18637215028873164,
    "2": 0.2018842671467357,
    "3": 0.2063189524105266,
    "4": 0.21292461907627322,
    "5": 0.22137919178727136,
    "6": 0.23402772140867376,
    "7": 0.24175391234291085,
    "8": 0.25269217305441694,
    "9": 0.25582237187826007,
    "10": 0.2586649679239718,
    "11": 0.26378986922005654,
    "12": 0.272477526166299,
    "13": 0.29429619462921225,
    "14": 0.296528929895859,
    "15": 0.29724039121896195,
    "16": 0.3005620009335539,
    "17": 0.30149602764350697,
    "18": 0.30118636224013595,
    "19": 0.2980265496167502,
    "20": 0.2958368851013805,
    "21": 0.2933575773752328,
    "22": 0.2873046059146765,
    "23": 0.28492365879172277,
    "24": 0.28005855997208134,
    "25": 0.27437086254966453,
    "26": 0.26782218433780003,
    "27": 0.2633268515218751,
    "28": 0.25956254794153655,
    "29": 0.26278684957864407,
    "30": 0.2616245858953441,
    "31": 0.20381584027550326
  },
  "multi_layer_eval": {
    "16": {
      "mean": 0.29921109964732573,
      "std": 0.0014595578658346661,
      "per_seed": [
        0.2987451442845412,
        0.29960877618886217,
        0.3004582794178937,
        0.2999779853969564,
        0.300180040735015,
        0.2958554910233896,
        0.2996519804846222
      ],
      "seed_agreement": 0.9654962290709006
    },
    "17": {
      "mean": 0.3000711575550095,
      "std": 0.0017858133862330495,
      "per_seed": [
        0.2996438252988411,
        0.3011422322942042,
        0.300937005822204,
        0.3012157666325212,
        0.3012118392365145,
        0.29588980004360893,
        0.3004576335571727
      ],
      "seed_agreement": 0.9583388981772238
    },
    "18": {
      "mean": 0.29927813430643735,
      "std": 0.0020006772068901393,
      "per_seed": [
        0.29969331664212784,
        0.3004225205007369,
        0.30095263552031243,
        0.2998514986587078,
        0.30007272486292946,
        0.2945089669738761,
        0.29944527698637136
      ],
      "seed_agreement": 0.9488592963052677
    },
    "19": {
      "mean": 0.2973428109417808,
      "std": 0.0019165564412002916,
      "per_seed": [
        0.2964669867378825,
        0.29822336567675983,
        0.29817590920978165,
        0.2980904457031966,
        0.2986734528070266,
        0.2929783496368901,
        0.29879116682092793
      ],
      "seed_agreement": 0.9435948978098907
    }
  },
  "partial_corr": {
    "mean": 0.3000711575550095,
    "std": 0.0017858133862330495,
    "per_seed": [
      0.2996438252988411,
      0.3011422322942042,
      0.300937005822204,
      0.3012157666325212,
      0.3012118392365145,
      0.29588980004360893,
      0.3004576335571727
    ],
    "n_seeds": 7,
    "split": "validation (held-out seeds)"
  },
  "test_split_comparison": {
    "mean": 0.29859196827762413,
    "per_seed": [
      0.29925562548936563,
      0.2974272945225564,
      0.2990929848209503
    ]
  },
  "seed_agreement": {
    "mean": 0.9583388981772238
  },
  "output_controlled": {
    "mean": 0.14379574923673227,
    "per_seed": [
      0.14450951744626486,
      0.14190295150634336,
      0.14497477875758863
    ]
  },
  "baselines": {
    "ff_goodness": -0.0010343320666273909,
    "active_ratio": 0.010141383175294751,
    "act_entropy": -0.00027473140365243695,
    "activation_norm": -0.0037235348228463723,
    "random_head": -0.00787794071709435
  },
  "cross_domain": {
    "wikitext": 0.3005743544717498,
    "c4": 0.19186740055513038,
    "c4_within": 0.2225926521573571
  },
  "control_sensitivity": {
    "none": 0.7025475827429225,
    "softmax_only": 0.2979110023221756,
    "norm_only": 0.6950531726514592,
    "standard": 0.2996438252988411,
    "plus_entropy": 0.19046175929076387,
    "nonlinear": 0.3144315094445656
  },
  "flagging_6a": {
    "n_tokens": 205006,
    "summary": {
      "0.05": {
        "observer_exclusive": 7498.666666666667
      },
      "0.1": {
        "observer_exclusive": 11900.0
      },
      "0.2": {
        "observer_exclusive": 14953.333333333334
      },
      "0.3": {
        "observer_exclusive": 13471.0
      }
    }
  }
}