{
  "model": "EleutherAI/pythia-1.4b",
  "n_params_b": 1.41,
  "n_layers": 24,
  "hidden_dim": 2048,
  "provenance": {
    "model_revision": "fedc38a16eea3bd36a96b906d78d11d2ce18ed79",
    "script": "scripts/run_model.py",
    "timestamp": "2026-04-16T23:41:38.783750+00:00",
    "device": "cuda",
    "torch_version": "2.8.0+cu128",
    "output_file": "pythia_1.4b_results.json"
  },
  "protocol": {
    "layer_select_seed": 42,
    "eval_seeds": [
      43,
      44,
      45,
      46,
      47,
      48,
      49
    ],
    "target_ex_per_dim": 350,
    "batch_size": 48,
    "layers_per_pass": 1
  },
  "peak_layer_final": 17,
  "peak_layer_frac": 0.71,
  "layer_profile": {
    "0": 0.09532264879887503,
    "1": 0.08858374179663342,
    "2": 0.08869333340920921,
    "3": 0.037592270574166746,
    "4": 0.02678630662158479,
    "5": 0.029715054924214855,
    "6": 0.025780562386666827,
    "7": 0.029575289961888455,
    "8": 0.03172942362991288,
    "9": 0.032241609217131026,
    "10": 0.04214672453071485,
    "11": 0.04914706282595762,
    "12": 0.062092484654622894,
    "13": 0.07963799519776206,
    "14": 0.09029823632475109,
    "15": 0.09062761082421888,
    "16": 0.10475271864735451,
    "17": 0.11132245105759267,
    "18": 0.11111051511127872,
    "19": 0.10938763638894297,
    "20": 0.10351331271204986,
    "21": 0.09967572610125391,
    "22": 0.09853600144255326,
    "23": 0.09375091276210198
  },
  "multi_layer_eval": {
    "16": {
      "mean": 0.10132427729439121,
      "std": 0.006899935586756065,
      "per_seed": [
        0.09919997613497952,
        0.1015947398196883,
        0.10011915479212598,
        0.11095767392785087,
        0.11048321754297434,
        0.08979920325283929,
        0.09711597559028022
      ],
      "seed_agreement": 0.9486301595759408
    },
    "17": {
      "mean": 0.10618667236301048,
      "std": 0.006430728624973579,
      "per_seed": [
        0.10459513851454055,
        0.11008534066232285,
        0.10788516677855246,
        0.11420405706915478,
        0.11213587059695267,
        0.0952395971845845,
        0.09916153573496556
      ],
      "seed_agreement": 0.9466889772190348
    },
    "18": {
      "mean": 0.10522140777853009,
      "std": 0.005736185843663492,
      "per_seed": [
        0.1039224509544569,
        0.11106559120450224,
        0.10783081094129916,
        0.10778744424094892,
        0.1044783049826514,
        0.09235882838368135,
        0.10910642374217065
      ],
      "seed_agreement": 0.9473356443289743
    },
    "19": {
      "mean": 0.10419891932607388,
      "std": 0.007310912794337093,
      "per_seed": [
        0.09548221287521563,
        0.11569896179847707,
        0.10583851440116504,
        0.10403595587178376,
        0.1048456900272468,
        0.09306387430906922,
        0.11042722599955972
      ],
      "seed_agreement": 0.949685352820538
    }
  },
  "partial_corr": {
    "mean": 0.10618667236301048,
    "std": 0.006430728624973579,
    "per_seed": [
      0.10459513851454055,
      0.11008534066232285,
      0.10788516677855246,
      0.11420405706915478,
      0.11213587059695267,
      0.0952395971845845,
      0.09916153573496556
    ],
    "n_seeds": 7,
    "split": "validation (held-out seeds)"
  },
  "test_split_comparison": {
    "mean": 0.10267649859767947,
    "per_seed": [
      0.10023946739697824,
      0.10428199136152032,
      0.10350803703453984
    ]
  },
  "seed_agreement": {
    "mean": 0.9466889772190348
  },
  "output_controlled": {
    "mean": 0.003135082937431168,
    "per_seed": [
      0.004947880582376008,
      0.000954562876834887,
      0.0035028053530826086
    ]
  },
  "baselines": {
    "ff_goodness": 0.003191709845511292,
    "active_ratio": -0.037517648426014336,
    "act_entropy": -0.12333900669788439,
    "activation_norm": 0.001343983696423456,
    "random_head": -0.061697771586667324
  },
  "cross_domain": {
    "wikitext": 0.10752188198513862,
    "c4": 0.03705624035652141,
    "c4_within": 0.1404328149392842
  },
  "control_sensitivity": {
    "none": 0.2968326678928857,
    "softmax_only": 0.08883666848105007,
    "norm_only": 0.32483121413944693,
    "standard": 0.10459513851454055,
    "plus_entropy": -0.0088713841890357,
    "nonlinear": 0.10111572633567949
  },
  "flagging_6a": {
    "n_tokens": 189299,
    "summary": {
      "0.05": {
        "observer_exclusive": 4472.333333333333
      },
      "0.1": {
        "observer_exclusive": 7225.0
      },
      "0.2": {
        "observer_exclusive": 10550.333333333334
      },
      "0.3": {
        "observer_exclusive": 11406.666666666666
      }
    }
  }
}