{
  "model": "EleutherAI/pythia-410m",
  "n_params_b": 0.41,
  "n_layers": 24,
  "hidden_dim": 1024,
  "provenance": {
    "model_revision": "9879c9b5f8bea9051dcb0e68dff21493d67e9d4f",
    "script": "scripts/run_model.py",
    "timestamp": "2026-04-18T23:44:01.428149+00:00",
    "device": "cuda",
    "torch_version": "2.8.0+cu128",
    "output_file": "pythia_410m_results.json"
  },
  "protocol": {
    "layer_select_seed": 42,
    "eval_seeds": [
      43,
      44,
      45,
      46,
      47,
      48,
      49
    ],
    "target_ex_per_dim": 350,
    "batch_size": 48,
    "layers_per_pass": 1
  },
  "peak_layer_final": 2,
  "peak_layer_frac": 0.08,
  "layer_profile": {
    "0": 0.0831678666230419,
    "1": 0.09058400341752304,
    "2": 0.1021284133798955,
    "3": 0.09682584852517404,
    "4": 0.02664372285784451,
    "5": 0.06821134874884466,
    "6": 0.06231623023175818,
    "7": 0.05790972104675152,
    "8": 0.05888400861685738,
    "9": 0.058848631428453015,
    "10": 0.05955080352075621,
    "11": 0.05742661867508589,
    "12": 0.059314209302049656,
    "13": 0.07200662408770644,
    "14": 0.07063156119221381,
    "15": 0.07748455965003893,
    "16": 0.08037295071748295,
    "17": 0.08753361682813592,
    "18": 0.09087381960111318,
    "19": 0.09774319121856952,
    "20": 0.0986699198154134,
    "21": 0.08616917283476372,
    "22": 0.09782550290973913,
    "23": 0.09791986561347132
  },
  "multi_layer_eval": {
    "2": {
      "mean": 0.105034880445574,
      "std": 0.0009031002141663457,
      "per_seed": [
        0.10656955967228995,
        0.10339380569187792,
        0.10482086823170836,
        0.10529433925290124,
        0.10448884194427693,
        0.10551902338573801,
        0.10515772494022566
      ],
      "seed_agreement": 0.9950378845230842
    }
  },
  "partial_corr": {
    "mean": 0.105034880445574,
    "std": 0.0009031002141663457,
    "per_seed": [
      0.10656955967228995,
      0.10339380569187792,
      0.10482086823170836,
      0.10529433925290124,
      0.10448884194427693,
      0.10551902338573801,
      0.10515772494022566
    ],
    "n_seeds": 7,
    "split": "validation (held-out seeds)"
  },
  "test_split_comparison": {
    "mean": 0.10803010172038581,
    "per_seed": [
      0.10966325132382297,
      0.1065292788702848,
      0.10789777496704968
    ]
  },
  "seed_agreement": {
    "mean": 0.9950378845230842
  },
  "output_controlled": {
    "mean": 0.04268501509091338,
    "per_seed": [
      0.04624166474556861,
      0.03779203111738353,
      0.04402134940978801
    ]
  },
  "baselines": {
    "ff_goodness": 0.0007618637702813207,
    "active_ratio": -0.02912457105250575,
    "act_entropy": -0.06501063751566317,
    "activation_norm": 0.0030018310098355017,
    "random_head": 0.033138484128059996
  },
  "cross_domain": {
    "wikitext": 0.10492807786529208,
    "c4": 0.06328610494212264,
    "c4_within": 0.13042506800100173
  },
  "control_sensitivity": {
    "none": 0.17542561447431113,
    "softmax_only": 0.0920742020676246,
    "norm_only": 0.21175589158794594,
    "standard": 0.10656955967228995,
    "plus_entropy": 0.03455703216362528,
    "nonlinear": 0.12035261036988154
  },
  "flagging_6a": {
    "n_tokens": 189299,
    "summary": {
      "0.05": {
        "observer_exclusive": 5793.666666666667
      },
      "0.1": {
        "observer_exclusive": 8840.666666666666
      },
      "0.2": {
        "observer_exclusive": 12129.0
      },
      "0.3": {
        "observer_exclusive": 13518.666666666666
      }
    }
  }
}