{
  "model": "EleutherAI/pythia-70m",
  "n_params_b": 0.07,
  "n_layers": 6,
  "hidden_dim": 512,
  "provenance": {
    "model_revision": "a39f36b100fe8a5377810d56c3f4789b9c53ac42",
    "script": "scripts/run_model.py",
    "timestamp": "2026-04-19T04:16:54.004606+00:00",
    "device": "cuda",
    "torch_version": "2.8.0+cu128",
    "output_file": "pythia_70m_results.json"
  },
  "protocol": {
    "layer_select_seed": 42,
    "eval_seeds": [
      43,
      44,
      45,
      46,
      47,
      48,
      49
    ],
    "target_ex_per_dim": 350,
    "batch_size": 48,
    "layers_per_pass": 1
  },
  "peak_layer_final": 4,
  "peak_layer_frac": 0.67,
  "layer_profile": {
    "0": 0.24745209962369474,
    "1": 0.25879846933635386,
    "2": 0.2439449153963238,
    "3": 0.28089167383766667,
    "4": 0.3022329950348661,
    "5": 0.2148295596999328
  },
  "multi_layer_eval": {
    "0": {
      "mean": 0.2476920684171854,
      "std": 0.000578026784382007,
      "per_seed": [
        0.24784894778252684,
        0.24735206554927938,
        0.24837869735069823,
        0.24839915603547102,
        0.24795254068023226,
        0.2467599434287907,
        0.24715312809329934
      ],
      "seed_agreement": 0.9978859133428367
    },
    "1": {
      "mean": 0.2592044035359672,
      "std": 0.000851832298608736,
      "per_seed": [
        0.2586346565281925,
        0.25980861862760196,
        0.25861045956356093,
        0.2605234417503221,
        0.2599485129203423,
        0.25900609996974316,
        0.2578990353920073
      ],
      "seed_agreement": 0.9976877665317428
    },
    "3": {
      "mean": 0.2818275910143048,
      "std": 0.003330258937655916,
      "per_seed": [
        0.2799383503613776,
        0.2812077099145581,
        0.28291320623833116,
        0.28588767407955096,
        0.28692730027664654,
        0.2777521308854825,
        0.27816676534418705
      ],
      "seed_agreement": 0.9938365305610769
    },
    "4": {
      "mean": 0.3012688107602871,
      "std": 0.0010011318231031103,
      "per_seed": [
        0.3001961060001151,
        0.30233927193299603,
        0.3016594791433466,
        0.30274367961717624,
        0.30125843196321594,
        0.3009231534208868,
        0.29976155324427284
      ],
      "seed_agreement": 0.996665926129315
    }
  },
  "partial_corr": {
    "mean": 0.3012688107602871,
    "std": 0.0010011318231031103,
    "per_seed": [
      0.3001961060001151,
      0.30233927193299603,
      0.3016594791433466,
      0.30274367961717624,
      0.30125843196321594,
      0.3009231534208868,
      0.29976155324427284
    ],
    "n_seeds": 7,
    "split": "validation (held-out seeds)"
  },
  "test_split_comparison": {
    "mean": 0.3088269484796595,
    "per_seed": [
      0.3073518831066545,
      0.3097826582813304,
      0.30934630405099367
    ]
  },
  "seed_agreement": {
    "mean": 0.996665926129315
  },
  "output_controlled": {
    "mean": 0.14696020563825357,
    "per_seed": [
      0.15515617505016527,
      0.14042751539876294,
      0.14529692646583253
    ]
  },
  "baselines": {
    "ff_goodness": 0.0007017442242529187,
    "active_ratio": -0.018120410766971948,
    "act_entropy": -0.13682576148077336,
    "activation_norm": -0.009966550017411754,
    "random_head": 0.07817835454786205
  },
  "cross_domain": {
    "wikitext": 0.3013982856921526,
    "c4": 0.2919069882418592,
    "c4_within": 0.38467451308312944
  },
  "control_sensitivity": {
    "none": 0.3401062468142213,
    "softmax_only": 0.29745805524800756,
    "norm_only": 0.34376911557962453,
    "standard": 0.3001961060001151,
    "plus_entropy": 0.22751476438786666,
    "nonlinear": 0.3227682671514799
  },
  "flagging_6a": {
    "n_tokens": 179200,
    "summary": {
      "0.05": {
        "observer_exclusive": 5481.333333333333
      },
      "0.1": {
        "observer_exclusive": 9426.333333333334
      },
      "0.2": {
        "observer_exclusive": 15742.666666666666
      },
      "0.3": {
        "observer_exclusive": 21341.333333333332
      }
    }
  }
}