{
  "model": "EleutherAI/pythia-1.4b-deduped",
  "n_params_b": 1.41,
  "n_layers": 24,
  "hidden_dim": 2048,
  "provenance": {
    "model_revision": "554d9c1bae3877f740aece41feb90f912cf9fedc",
    "script": "scripts/run_model.py",
    "timestamp": "2026-04-19T14:40:23.943701+00:00",
    "device": "cuda",
    "torch_version": "2.8.0+cu128",
    "output_file": "pythia_1.4b_deduped_results.json"
  },
  "protocol": {
    "layer_select_seed": 42,
    "eval_seeds": [
      43,
      44,
      45,
      46,
      47,
      48,
      49
    ],
    "target_ex_per_dim": 350,
    "batch_size": 48,
    "layers_per_pass": 1
  },
  "peak_layer_final": 17,
  "peak_layer_frac": 0.71,
  "layer_profile": {
    "0": 0.08526027112155588,
    "1": 0.06954786813599013,
    "2": 0.0789071665277689,
    "3": 0.016873726830110035,
    "4": 0.034597070836246045,
    "5": 0.03603727257532698,
    "6": 0.03764900161200914,
    "7": 0.04095399691293766,
    "8": 0.04053500707111897,
    "9": 0.041054726977074026,
    "10": 0.044631426883664074,
    "11": 0.041221868832864446,
    "12": 0.07597766786917017,
    "13": 0.07145889372947292,
    "14": 0.07365231311923297,
    "15": 0.06678367280933793,
    "16": 0.09020260516832504,
    "17": 0.09268416359627829,
    "18": 0.09661507159442341,
    "19": 0.0838719707790148,
    "20": 0.07089445845869667,
    "21": 0.07520672359284512,
    "22": 0.07657778234159578,
    "23": 0.09260115204186435
  },
  "multi_layer_eval": {
    "16": {
      "mean": 0.09887137779401316,
      "std": 0.00605759752924475,
      "per_seed": [
        0.09110637239794879,
        0.09350191396645356,
        0.09380315454379279,
        0.10672726478236017,
        0.09716437002421958,
        0.10335361060864821,
        0.10644295823466912
      ],
      "seed_agreement": 0.9757515577853377
    },
    "17": {
      "mean": 0.10041293052928466,
      "std": 0.0073329523512673505,
      "per_seed": [
        0.0956081412885017,
        0.09027522919956457,
        0.09136806647798881,
        0.10468731273951712,
        0.10369575719773302,
        0.11016335985978894,
        0.1070926469418983
      ],
      "seed_agreement": 0.9720232453662321
    },
    "18": {
      "mean": 0.09947228063909244,
      "std": 0.005566804105966384,
      "per_seed": [
        0.09621820541035049,
        0.09372091979195143,
        0.09041406426605203,
        0.10594412063827487,
        0.10424903529001381,
        0.10416084627871129,
        0.10159877279829323
      ],
      "seed_agreement": 0.9720866231845205
    }
  },
  "partial_corr": {
    "mean": 0.10041293052928466,
    "std": 0.0073329523512673505,
    "per_seed": [
      0.0956081412885017,
      0.09027522919956457,
      0.09136806647798881,
      0.10468731273951712,
      0.10369575719773302,
      0.11016335985978894,
      0.1070926469418983
    ],
    "n_seeds": 7,
    "split": "validation (held-out seeds)"
  },
  "test_split_comparison": {
    "mean": 0.08776963581712634,
    "per_seed": [
      0.09133034284481807,
      0.08602830799050627,
      0.08595025661605471
    ]
  },
  "seed_agreement": {
    "mean": 0.9720232453662321
  },
  "output_controlled": {
    "mean": -0.012419963571233822,
    "per_seed": [
      -0.013197868438529074,
      -0.014801410950132272,
      -0.009260611325040118
    ]
  },
  "baselines": {
    "ff_goodness": 0.0015995828988246293,
    "active_ratio": -0.017637099857152325,
    "act_entropy": -0.06280677696190627,
    "activation_norm": -0.0005292320333434265,
    "random_head": -0.010151133106932454
  },
  "cross_domain": {
    "wikitext": 0.0924171456553517,
    "c4": 0.0449390836089108,
    "c4_within": 0.0731763982875061
  },
  "control_sensitivity": {
    "none": 0.3173222542088946,
    "softmax_only": 0.09223767374282935,
    "norm_only": 0.3227645892409413,
    "standard": 0.0956081412885017,
    "plus_entropy": -0.024309194671905836,
    "nonlinear": 0.09858919478930178
  },
  "flagging_6a": {
    "n_tokens": 189299,
    "summary": {
      "0.05": {
        "observer_exclusive": 4574.0
      },
      "0.1": {
        "observer_exclusive": 7684.666666666667
      },
      "0.2": {
        "observer_exclusive": 10762.333333333334
      },
      "0.3": {
        "observer_exclusive": 11590.0
      }
    }
  }
}