{
  "model": "EleutherAI/pythia-160m",
  "n_params_b": 0.16,
  "n_layers": 12,
  "hidden_dim": 768,
  "provenance": {
    "model_revision": "50f5173d932e8e61f858120bcb800b97af589f46",
    "script": "scripts/run_model.py",
    "timestamp": "2026-04-19T03:37:17.556934+00:00",
    "device": "cuda",
    "torch_version": "2.8.0+cu128",
    "output_file": "pythia_160m_results.json"
  },
  "protocol": {
    "layer_select_seed": 42,
    "eval_seeds": [
      43,
      44,
      45,
      46,
      47,
      48,
      49
    ],
    "target_ex_per_dim": 350,
    "batch_size": 48,
    "layers_per_pass": 1
  },
  "peak_layer_final": 8,
  "peak_layer_frac": 0.67,
  "layer_profile": {
    "0": 0.2546372545517495,
    "1": 0.26275302985980176,
    "2": 0.252856669972479,
    "3": 0.2735886825293045,
    "4": 0.3027950532675381,
    "5": 0.3302120204546482,
    "6": 0.34670707886516366,
    "7": 0.3684838427609387,
    "8": 0.38088282938895196,
    "9": 0.3713263113655547,
    "10": 0.33997729133393856,
    "11": 0.28333153280703594
  },
  "multi_layer_eval": {
    "6": {
      "mean": 0.34821411753491294,
      "std": 0.006599452467488901,
      "per_seed": [
        0.3568732615525756,
        0.35480442662591044,
        0.3443410552485563,
        0.3423369462782233,
        0.3545329281577248,
        0.3459898291030402,
        0.33862037577835985
      ],
      "seed_agreement": 0.9953647553404172
    },
    "7": {
      "mean": 0.3690414238315394,
      "std": 0.005954992798125817,
      "per_seed": [
        0.3761828600472118,
        0.3753923747862136,
        0.3664441564404638,
        0.36462021173078724,
        0.37457103282723264,
        0.3667804668169467,
        0.35929886417191975
      ],
      "seed_agreement": 0.9941721731533507
    },
    "8": {
      "mean": 0.38223516236615973,
      "std": 0.00419496670311635,
      "per_seed": [
        0.38845043246207916,
        0.38502590358060285,
        0.37918973632512526,
        0.3808302585930637,
        0.38688838158311084,
        0.3784861799966549,
        0.3767752440224818
      ],
      "seed_agreement": 0.9956441949531538
    },
    "9": {
      "mean": 0.37179429643366074,
      "std": 0.0036003880456505354,
      "per_seed": [
        0.37634482639886063,
        0.3755296828487981,
        0.36751141199515874,
        0.372030783925272,
        0.374975805846725,
        0.36818928498957537,
        0.3679782790312353
      ],
      "seed_agreement": 0.9954154149157769
    }
  },
  "partial_corr": {
    "mean": 0.38223516236615973,
    "std": 0.00419496670311635,
    "per_seed": [
      0.38845043246207916,
      0.38502590358060285,
      0.37918973632512526,
      0.3808302585930637,
      0.38688838158311084,
      0.3784861799966549,
      0.3767752440224818
    ],
    "n_seeds": 7,
    "split": "validation (held-out seeds)"
  },
  "test_split_comparison": {
    "mean": 0.38571687407054495,
    "per_seed": [
      0.3896496396731256,
      0.3869016874244251,
      0.380599295114084
    ]
  },
  "seed_agreement": {
    "mean": 0.9956441949531538
  },
  "output_controlled": {
    "mean": 0.16883062014782727,
    "per_seed": [
      0.17039458077728262,
      0.17433227019578715,
      0.16176500947041206
    ]
  },
  "baselines": {
    "ff_goodness": 0.002827377408268654,
    "active_ratio": 0.0025854964950743405,
    "act_entropy": -0.03573193392911403,
    "activation_norm": 0.0026257875276618882,
    "random_head": -0.007949588265663053
  },
  "cross_domain": {
    "wikitext": 0.3842220241226024,
    "c4": 0.2961999618708904,
    "c4_within": 0.38553718434211376
  },
  "control_sensitivity": {
    "none": 0.549191652260224,
    "softmax_only": 0.3895640215447633,
    "norm_only": 0.5478829025946332,
    "standard": 0.38845043246207916,
    "plus_entropy": 0.2547786913142881,
    "nonlinear": 0.38810909155562623
  },
  "flagging_6a": {
    "n_tokens": 189299,
    "summary": {
      "0.05": {
        "observer_exclusive": 6529.333333333333
      },
      "0.1": {
        "observer_exclusive": 10480.0
      },
      "0.2": {
        "observer_exclusive": 16206.666666666666
      },
      "0.3": {
        "observer_exclusive": 20262.666666666668
      }
    }
  }
}