{
  "model": "EleutherAI/pythia-2.8b",
  "n_params_b": 2.78,
  "n_layers": 32,
  "hidden_dim": 2560,
  "provenance": {
    "model_revision": "2a259cdd96a4beb1cdf467512e3904197345f6a9",
    "script": "scripts/run_model.py",
    "timestamp": "2026-04-17T02:29:50.189950+00:00",
    "device": "cuda",
    "torch_version": "2.8.0+cu128",
    "output_file": "pythia_2.8b_results.json"
  },
  "protocol": {
    "layer_select_seed": 42,
    "eval_seeds": [
      43,
      44,
      45,
      46,
      47,
      48,
      49
    ],
    "target_ex_per_dim": 350,
    "batch_size": 48,
    "layers_per_pass": 1
  },
  "peak_layer_final": 14,
  "peak_layer_frac": 0.44,
  "layer_profile": {
    "0": 0.08944568314243145,
    "1": 0.09222528893556,
    "2": 0.09589975134810742,
    "3": 0.10509093954131883,
    "4": 0.1399245093865349,
    "5": 0.16254596903005764,
    "6": 0.168064117559939,
    "7": 0.1674463805955391,
    "8": 0.1737509381648027,
    "9": 0.18271803439467033,
    "10": 0.19659752395997127,
    "11": 0.19782025168702222,
    "12": 0.19674225378792679,
    "13": 0.1985675400144122,
    "14": 0.2068141876408108,
    "15": 0.20122538482777544,
    "16": 0.19996979674917448,
    "17": 0.18681707179734733,
    "18": 0.17823469000637676,
    "19": 0.17244172241769515,
    "20": 0.16554109640910397,
    "21": 0.15849202533774873,
    "22": 0.14133343684585292,
    "23": 0.1300262378525947,
    "24": 0.12101888550290048,
    "25": 0.11392262706737726,
    "26": 0.10464186685912139,
    "27": 0.09787386822278381,
    "28": 0.09395589898511102,
    "29": 0.09379205181573562,
    "30": 0.10314228398934258,
    "31": 0.10823038300476755
  },
  "multi_layer_eval": {
    "13": {
      "mean": 0.20281008464959224,
      "std": 0.006667094855525882,
      "per_seed": [
        0.20047810937977328,
        0.2014536365207687,
        0.18912839242948812,
        0.21178880994826968,
        0.20618183535071113,
        0.2077795500397853,
        0.20286025887834966
      ],
      "seed_agreement": 0.9508535646794547
    },
    "14": {
      "mean": 0.2076720512338775,
      "std": 0.00684505811370874,
      "per_seed": [
        0.20540831480427,
        0.20845795126936736,
        0.1935793734013015,
        0.21767631284988673,
        0.21193511864104803,
        0.20982861792878207,
        0.20681866974248703
      ],
      "seed_agreement": 0.9512556852336638
    },
    "15": {
      "mean": 0.20459323308213184,
      "std": 0.006649104644096124,
      "per_seed": [
        0.2026459472657976,
        0.20447013952716545,
        0.19184616667693766,
        0.21523196203312359,
        0.20601496010566003,
        0.20944843721446044,
        0.20249501875177792
      ],
      "seed_agreement": 0.9496380156998218
    },
    "16": {
      "mean": 0.204040042962218,
      "std": 0.006111553960752327,
      "per_seed": [
        0.20369753063076781,
        0.20201465823804246,
        0.19183791015047988,
        0.21378211622770535,
        0.20593316908887271,
        0.20717292608787205,
        0.20384199031178576
      ],
      "seed_agreement": 0.9495324151672102
    }
  },
  "partial_corr": {
    "mean": 0.2076720512338775,
    "std": 0.00684505811370874,
    "per_seed": [
      0.20540831480427,
      0.20845795126936736,
      0.1935793734013015,
      0.21767631284988673,
      0.21193511864104803,
      0.20982861792878207,
      0.20681866974248703
    ],
    "n_seeds": 7,
    "split": "validation (held-out seeds)"
  },
  "test_split_comparison": {
    "mean": 0.20423688653166017,
    "per_seed": [
      0.20681837184678378,
      0.20937996408257958,
      0.1965123236656171
    ]
  },
  "seed_agreement": {
    "mean": 0.9512556852336638
  },
  "output_controlled": {
    "mean": 0.08767474781261979,
    "per_seed": [
      0.09381791635952226,
      0.09037834097066726,
      0.07882798610766986
    ]
  },
  "baselines": {
    "ff_goodness": -0.003316523356360527,
    "active_ratio": -0.031221711390102387,
    "act_entropy": -0.09976471423938943,
    "activation_norm": 0.0010167541583839873,
    "random_head": 0.05820041293072587
  },
  "cross_domain": {
    "wikitext": 0.2024818798249796,
    "c4": 0.12526758714349026,
    "c4_within": 0.22778657493608098
  },
  "control_sensitivity": {
    "none": 0.5375491732087152,
    "softmax_only": 0.20531175027436555,
    "norm_only": 0.5063836846907761,
    "standard": 0.20540831480427,
    "plus_entropy": 0.0966579761115638,
    "nonlinear": 0.2097567709179028
  },
  "flagging_6a": {
    "n_tokens": 189299,
    "summary": {
      "0.05": {
        "observer_exclusive": 6060.666666666667
      },
      "0.1": {
        "observer_exclusive": 9501.0
      },
      "0.2": {
        "observer_exclusive": 12625.333333333334
      },
      "0.3": {
        "observer_exclusive": 13115.333333333334
      }
    }
  }
}