{
  "model": "EleutherAI/pythia-1b",
  "n_params_b": 1.01,
  "n_layers": 16,
  "hidden_dim": 2048,
  "provenance": {
    "model_revision": "f73d7dcc545c8bd326d8559c8ef84ffe92fea6b2",
    "script": "scripts/run_model.py",
    "timestamp": "2026-04-16T20:34:58.994895+00:00",
    "device": "cuda",
    "torch_version": "2.8.0+cu128",
    "output_file": "pythia_1b_results.json"
  },
  "protocol": {
    "layer_select_seed": 42,
    "eval_seeds": [
      43,
      44,
      45,
      46,
      47,
      48,
      49
    ],
    "target_ex_per_dim": 350,
    "batch_size": 48,
    "layers_per_pass": 1
  },
  "peak_layer_final": 10,
  "peak_layer_frac": 0.62,
  "layer_profile": {
    "0": 0.1076866548986446,
    "1": 0.10739471286197098,
    "2": 0.11060855714790502,
    "3": 0.16088023840858004,
    "4": 0.18640910484027798,
    "5": 0.20776136480402108,
    "6": 0.21882311609755964,
    "7": 0.22029210400074328,
    "8": 0.22992230782176426,
    "9": 0.2327206459337661,
    "10": 0.2376832880750097,
    "11": 0.21439129353488262,
    "12": 0.1921627773700241,
    "13": 0.1451785776522926,
    "14": 0.12967942444097774,
    "15": 0.11170829253322147
  },
  "multi_layer_eval": {
    "7": {
      "mean": 0.22378943587899874,
      "std": 0.012142679125795083,
      "per_seed": [
        0.21405908845428823,
        0.2320517158521631,
        0.22400741439036503,
        0.23584762979375753,
        0.198835326830129,
        0.23017039964824867,
        0.2315544761840395
      ],
      "seed_agreement": 0.974310860048933
    },
    "8": {
      "mean": 0.23564901077273367,
      "std": 0.011746278407686009,
      "per_seed": [
        0.2260311927955662,
        0.24417950484262207,
        0.23440347004041462,
        0.24798238779751966,
        0.21209214113526753,
        0.24223153069844264,
        0.24262284809930304
      ],
      "seed_agreement": 0.9760449324548605
    },
    "9": {
      "mean": 0.23950136089211652,
      "std": 0.012188059786523061,
      "per_seed": [
        0.2272448290446957,
        0.24813229228198813,
        0.2382706560301837,
        0.25169782181873235,
        0.21629238720951996,
        0.24705392350238228,
        0.24781761635731336
      ],
      "seed_agreement": 0.974423767432959
    },
    "10": {
      "mean": 0.24563102362171,
      "std": 0.012065956893297196,
      "per_seed": [
        0.23486791661299647,
        0.252769019399667,
        0.24096538827694172,
        0.2591507993593022,
        0.22328013541671357,
        0.253291388656632,
        0.25509251762971696
      ],
      "seed_agreement": 0.9739260761947802
    }
  },
  "partial_corr": {
    "mean": 0.24563102362171,
    "std": 0.012065956893297196,
    "per_seed": [
      0.23486791661299647,
      0.252769019399667,
      0.24096538827694172,
      0.2591507993593022,
      0.22328013541671357,
      0.253291388656632,
      0.25509251762971696
    ],
    "n_seeds": 7,
    "split": "validation (held-out seeds)"
  },
  "test_split_comparison": {
    "mean": 0.24384387275359512,
    "per_seed": [
      0.23547883615721277,
      0.2537424771975145,
      0.24231030490605804
    ]
  },
  "seed_agreement": {
    "mean": 0.9739260761947802
  },
  "output_controlled": {
    "mean": 0.11953457609053882,
    "per_seed": [
      0.11133862210571459,
      0.12436353854375856,
      0.12290156762214331
    ]
  },
  "baselines": {
    "ff_goodness": 0.0045512072292046134,
    "active_ratio": -0.03252276505964711,
    "act_entropy": -0.1313303410635593,
    "activation_norm": 0.0019858888628011295,
    "random_head": 0.04000566519693383
  },
  "cross_domain": {
    "wikitext": 0.24286744142986838,
    "c4": 0.169167019690696,
    "c4_within": 0.14198141278290372
  },
  "control_sensitivity": {
    "none": 0.5545573425842595,
    "softmax_only": 0.23012547526967886,
    "norm_only": 0.5491806390566535,
    "standard": 0.23486791661299647,
    "plus_entropy": 0.11204227520310892,
    "nonlinear": 0.24899688254543081
  },
  "flagging_6a": {
    "n_tokens": 189299,
    "summary": {
      "0.05": {
        "observer_exclusive": 5906.333333333333
      },
      "0.1": {
        "observer_exclusive": 9358.666666666666
      },
      "0.2": {
        "observer_exclusive": 13603.333333333334
      },
      "0.3": {
        "observer_exclusive": 14486.666666666666
      }
    }
  }
}