{
  "model": "EleutherAI/pythia-6.9b",
  "n_params_b": 6.86,
  "n_layers": 32,
  "hidden_dim": 4096,
  "provenance": {
    "model_revision": "c0e3eee36dc47af0c49f361c74cfe459c09f7f23",
    "script": "scripts/run_model.py",
    "timestamp": "2026-04-17T20:09:26.005242+00:00",
    "device": "cuda",
    "torch_version": "2.8.0+cu128",
    "output_file": "pythia_6.9b_results.json"
  },
  "protocol": {
    "layer_select_seed": 42,
    "eval_seeds": [
      43,
      44,
      45,
      46,
      47,
      48,
      49
    ],
    "target_ex_per_dim": 350,
    "batch_size": 48,
    "layers_per_pass": 1
  },
  "peak_layer_final": 13,
  "peak_layer_frac": 0.41,
  "layer_profile": {
    "0": 0.10096258498886515,
    "1": 0.09677501587993469,
    "2": 0.10322013877073608,
    "3": 0.1458991136432472,
    "4": 0.18992295811417947,
    "5": 0.20988971669840958,
    "6": 0.21913944492318604,
    "7": 0.22621863307693,
    "8": 0.23198118446678492,
    "9": 0.23643508501300622,
    "10": 0.23893684091591294,
    "11": 0.24661467897977282,
    "12": 0.24985412783094432,
    "13": 0.2511041723820263,
    "14": 0.24968178406523583,
    "15": 0.24647786149597786,
    "16": 0.23988520603418018,
    "17": 0.22881568736802424,
    "18": 0.220243056741736,
    "19": 0.21312425444411753,
    "20": 0.19513650604006375,
    "21": 0.1851766495073661,
    "22": 0.17571240361402965,
    "23": 0.1671802462264846,
    "24": 0.1587653727113099,
    "25": 0.148555352074097,
    "26": 0.14065046817029486,
    "27": 0.1369474555332,
    "28": 0.12996539066437385,
    "29": 0.12155846890869865,
    "30": 0.10817601181323826,
    "31": 0.12420142571766445
  },
  "multi_layer_eval": {
    "11": {
      "mean": 0.2365224077766838,
      "std": 0.009722279414970435,
      "per_seed": [
        0.2302501143619442,
        0.24932595182607742,
        0.24017951404710167,
        0.2455308311840899,
        0.21828914748302092,
        0.23210716779758442,
        0.23997412773696797
      ],
      "seed_agreement": 0.9258274481674085
    },
    "12": {
      "mean": 0.23998936427465847,
      "std": 0.010951481721829168,
      "per_seed": [
        0.23350134195416836,
        0.25412481852985874,
        0.2423872040610337,
        0.25172148327875693,
        0.21890618335993617,
        0.23746218716740813,
        0.24182233157144745
      ],
      "seed_agreement": 0.9200861740592966
    },
    "13": {
      "mean": 0.2401799512168579,
      "std": 0.01232470914609316,
      "per_seed": [
        0.2332762501812893,
        0.256594885350201,
        0.2414490451732414,
        0.2551971190236361,
        0.2182538607934417,
        0.2343196609727295,
        0.24216883702346637
      ],
      "seed_agreement": 0.9125473302290414
    },
    "14": {
      "mean": 0.23961869089646806,
      "std": 0.012041195629556115,
      "per_seed": [
        0.23349179362546046,
        0.25639430763667187,
        0.24086052319724247,
        0.2529738979980391,
        0.21738621528321544,
        0.23517555952098632,
        0.24104853901366083
      ],
      "seed_agreement": 0.9070626288363316
    }
  },
  "partial_corr": {
    "mean": 0.2401799512168579,
    "std": 0.01232470914609316,
    "per_seed": [
      0.2332762501812893,
      0.256594885350201,
      0.2414490451732414,
      0.2551971190236361,
      0.2182538607934417,
      0.2343196609727295,
      0.24216883702346637
    ],
    "n_seeds": 7,
    "split": "validation (held-out seeds)"
  },
  "test_split_comparison": {
    "mean": 0.2467102217988597,
    "per_seed": [
      0.23804775955060645,
      0.25779821477460885,
      0.24428469107136383
    ]
  },
  "seed_agreement": {
    "mean": 0.9125473302290414
  },
  "output_controlled": {
    "mean": 0.10982405687438872,
    "per_seed": [
      0.10525849126994812,
      0.11500850333400879,
      0.10920517601920925
    ]
  },
  "baselines": {
    "ff_goodness": -0.0014133292156357227,
    "active_ratio": -0.028827102993833786,
    "act_entropy": -0.08521933442587792,
    "activation_norm": -0.0008804802051858836,
    "random_head": -0.011824932780097103
  },
  "cross_domain": {
    "wikitext": 0.2437733935682439,
    "c4": 0.17177532349272293,
    "c4_within": 0.1876873820865672
  },
  "control_sensitivity": {
    "none": 0.6042230321175729,
    "softmax_only": 0.23529560039499556,
    "norm_only": 0.5785293127067153,
    "standard": 0.2332762501812893,
    "plus_entropy": 0.130328539398793,
    "nonlinear": 0.2373015830033446
  },
  "flagging_6a": {
    "n_tokens": 189299,
    "summary": {
      "0.05": {
        "observer_exclusive": 6045.666666666667
      },
      "0.1": {
        "observer_exclusive": 10092.333333333334
      },
      "0.2": {
        "observer_exclusive": 13028.0
      },
      "0.3": {
        "observer_exclusive": 13545.0
      }
    }
  }
}