{
  "model": "EleutherAI/pythia-12b",
  "n_params_b": 11.85,
  "n_layers": 36,
  "hidden_dim": 5120,
  "provenance": {
    "model_revision": "bb1e3e710cdf6b524461d543cfb5ba773f0a81b6",
    "script": "scripts/pythia_12b_backfill.py",
    "timestamp": "2026-04-18T22:57:07.474352+00:00",
    "device": "cuda",
    "torch_version": "2.8.0+cu128",
    "output_file": "pythia_12b_results.json",
    "note": "layer_profile, multi_layer_eval, partial_corr, seed_agreement reproduced from pythia_12b_checkpoint.json (run_model.py, batch_size=24, bf16 forward, use_cache=False). Remaining fields collected by backfill script with bf16 CPU activation storage."
  },
  "protocol": {
    "layer_select_seed": 42,
    "eval_seeds": [
      43,
      44,
      45,
      46,
      47,
      48,
      49
    ],
    "target_ex_per_dim": 350,
    "batch_size": 24,
    "layers_per_pass": 1
  },
  "peak_layer_final": 12,
  "peak_layer_frac": 0.33,
  "layer_profile": {
    "0": 0.08376417167429602,
    "1": 0.08698040749943114,
    "2": 0.10928628903588895,
    "3": 0.16772549401049394,
    "4": 0.19831039977428022,
    "5": 0.2055827885632889,
    "6": 0.20882316919369204,
    "7": 0.21295656044332456,
    "8": 0.2143786619613918,
    "9": 0.21628050334448576,
    "10": 0.2209346482543454,
    "11": 0.22231519873869587,
    "12": 0.23166032938763526,
    "13": 0.23220054982755994,
    "14": 0.23037005474117908,
    "15": 0.2258068120210369,
    "16": 0.21563204324487031,
    "17": 0.2130585955696618,
    "18": 0.20590358610004442,
    "19": 0.19399376789286826,
    "20": 0.18895408107158262,
    "21": 0.1852402203234023,
    "22": 0.1797242584595318,
    "23": 0.17619579199159374,
    "24": 0.1713330408948473,
    "25": 0.16815443525637563,
    "26": 0.164797040714409,
    "27": 0.1611118629756837,
    "28": 0.1518296690368677,
    "29": 0.148278670003261,
    "30": 0.14364301072687716,
    "31": 0.1360563508093966,
    "32": 0.12935919731094833,
    "33": 0.11438453128445779,
    "34": 0.10235641475962533,
    "35": 0.11229185087955605
  },
  "multi_layer_eval": {
    "12": {
      "mean": 0.23758417844660376,
      "std": 0.005466304189794279,
      "per_seed": [
        0.2354537842600715,
        0.24163577164876784,
        0.24103280404903266,
        0.24329510502450016,
        0.2355512323632689,
        0.24008300414297737,
        0.22603754763760803
      ],
      "seed_agreement": 0.8899713645482693
    },
    "13": {
      "mean": 0.23648660220766263,
      "std": 0.007275545239487778,
      "per_seed": [
        0.24045800702771064,
        0.23971339043040593,
        0.23976837708583731,
        0.2412865573804227,
        0.23426967454446215,
        0.2404504697113749,
        0.21945973927342477
      ],
      "seed_agreement": 0.8801996118998628
    },
    "14": {
      "mean": 0.23369433533286804,
      "std": 0.007183257325526467,
      "per_seed": [
        0.24233248547073802,
        0.23374774638512927,
        0.23822988925161956,
        0.23620135516702162,
        0.2320177699287381,
        0.23555652660838777,
        0.2177745745184421
      ],
      "seed_agreement": 0.8707638039831044
    },
    "15": {
      "mean": 0.2280628974352927,
      "std": 0.008331164434666631,
      "per_seed": [
        0.24161786130634305,
        0.22328353326471465,
        0.2355569536747268,
        0.22842931059005003,
        0.22320486657765476,
        0.23023681961483394,
        0.2141109370187258
      ],
      "seed_agreement": 0.859053317074917
    }
  },
  "partial_corr": {
    "mean": 0.23758417844660376,
    "std": 0.005466304189794279,
    "per_seed": [
      0.2354537842600715,
      0.24163577164876784,
      0.24103280404903266,
      0.24329510502450016,
      0.2355512323632689,
      0.24008300414297737,
      0.22603754763760803
    ],
    "n_seeds": 7,
    "split": "validation (held-out seeds)"
  },
  "test_split_comparison": {
    "mean": 0.24420773633099,
    "per_seed": [
      0.23879003731070747,
      0.24773785423645933,
      0.24609531744580318
    ]
  },
  "seed_agreement": {
    "mean": 0.8899713645482693
  },
  "output_controlled": {
    "mean": 0.09690048820444379,
    "per_seed": [
      0.09373479275746067,
      0.10177839882480731,
      0.09518827303106338
    ]
  },
  "baselines": {
    "ff_goodness": 0.0019937280982396835,
    "active_ratio": -0.025710050942199705,
    "act_entropy": -0.06126137400157792,
    "activation_norm": 0.00030160495408942034,
    "random_head": 0.028846393011264924
  },
  "cross_domain": {
    "wikitext": 0.23937411998595734,
    "c4": 0.16363984096027948,
    "c4_within": 0.1719138868729114
  },
  "control_sensitivity": {
    "none": 0.6014286835179667,
    "softmax_only": 0.2346870616475963,
    "norm_only": 0.5707451949693905,
    "standard": 0.2354537842600715,
    "plus_entropy": 0.14065736434127193,
    "nonlinear": 0.22420695092007503
  },
  "flagging_6a": {
    "n_tokens": 189299,
    "summary": {
      "0.05": {
        "observer_exclusive": 6323.666666666667
      },
      "0.1": {
        "observer_exclusive": 9960.333333333334
      },
      "0.2": {
        "observer_exclusive": 13006.0
      },
      "0.3": {
        "observer_exclusive": 13322.333333333334
      }
    }
  }
}