{
  "model": "Qwen/Qwen2.5-0.5B",
  "n_layers": 24,
  "hidden_dim": 896,
  "protocol": {
    "layer_select_seed": 42,
    "eval_seeds": [
      43,
      44,
      45,
      46,
      47,
      48,
      49
    ],
    "eval_split": "validation (held-out seeds)",
    "target_ex_per_dim": 1000
  },
  "layer_profile": {
    "0": 0.14766797011235644,
    "1": 0.1576121870868183,
    "2": 0.14293783888957742,
    "3": 0.122263045983134,
    "4": 0.13447707944090187,
    "5": 0.1320730209082671,
    "6": 0.14129174529019495,
    "7": 0.14314146133171318,
    "8": 0.14531550787789577,
    "9": 0.15064516972322733,
    "10": 0.14890241165626011,
    "11": 0.153175844714627,
    "12": 0.14802417492188252,
    "13": 0.15411299241633195,
    "14": 0.15866732218382412,
    "15": 0.17327966923012084,
    "16": 0.19008833661728985,
    "17": 0.1886572559736428,
    "18": 0.18445023788728207,
    "19": 0.20046470551420914,
    "20": 0.1852124210939989,
    "21": 0.2089058645181759,
    "22": 0.16855452558071624,
    "23": 0.0996691312982795
  },
  "peak_layer_sweep": 21,
  "multi_layer_eval": {
    "16": {
      "mean": 0.23250358442007288,
      "std": 0.02002572963492678,
      "per_seed": [
        0.21816536404895648,
        0.1924206696321272,
        0.2487506436419476,
        0.22635333952157446,
        0.25173430811384967,
        0.24298558005216425,
        0.24711518592989035
      ],
      "seed_agreement": 0.96997436102567
    },
    "17": {
      "mean": 0.23217372535670525,
      "std": 0.018213664770212294,
      "per_seed": [
        0.22061761268385455,
        0.19521490947353914,
        0.24841960292747295,
        0.22609313516481955,
        0.2486819425833726,
        0.24077948293525797,
        0.24540939172861992
      ],
      "seed_agreement": 0.9671176852048986
    },
    "19": {
      "mean": 0.2481441564474733,
      "std": 0.02072807789266468,
      "per_seed": [
        0.2273675286922136,
        0.20987016687601734,
        0.260412924972603,
        0.2431296834812147,
        0.2706308036066216,
        0.2625156920331023,
        0.26308229547054063
      ],
      "seed_agreement": 0.9564896831912606
    },
    "21": {
      "mean": 0.20778480113095363,
      "std": 0.004864860801475328,
      "per_seed": [
        0.20527121044904348,
        0.20649326595868103,
        0.2029769048724179,
        0.20987314789199824,
        0.21255366348014937,
        0.2159401160556666,
        0.20138529920871895
      ],
      "seed_agreement": 0.9360123752670398
    }
  },
  "best_layer": 19,
  "partial_corr": {
    "mean": 0.2481441564474733,
    "std": 0.02072807789266468,
    "per_seed": [
      0.2273675286922136,
      0.20987016687601734,
      0.260412924972603,
      0.2431296834812147,
      0.2706308036066216,
      0.2625156920331023,
      0.26308229547054063
    ],
    "seed_agreement": 0.9564896831912606
  },
  "v1_comparison": {
    "partial_corr": 0.134,
    "ex_per_dim": 190,
    "peak_layer": 0,
    "profile": "flat",
    "n_seeds": 3,
    "eval_split": "test"
  },
  "baselines": {
    "random_head": -0.0547
  }
}