{
  "model": "Qwen/Qwen2.5-1.5B-Instruct",
  "n_params_b": 1.54,
  "n_layers": 28,
  "hidden_dim": 1536,
  "protocol": {
    "layer_select_seed": 42,
    "eval_seeds": [
      43,
      44,
      45,
      46,
      47,
      48,
      49
    ],
    "target_ex_per_dim": 200,
    "n_train_tokens": 307200,
    "batch_size": 8
  },
  "peak_layer_final": 21,
  "peak_layer_frac": 0.75,
  "layer_profile": {
    "0": 0.20503333369663854,
    "1": 0.1342498598055747,
    "2": 0.24216562279936868,
    "3": 0.14993140961736628,
    "4": 0.15389844837008712,
    "5": 0.1557921767806797,
    "6": 0.2587526028982823,
    "7": 0.2586538588227788,
    "8": 0.27006865048873147,
    "9": 0.17966011788390446,
    "10": 0.2783193218906999,
    "11": 0.28450646616255953,
    "12": 0.2896745321989657,
    "13": 0.19314942719244788,
    "14": 0.2989602694746269,
    "15": 0.2008175956048942,
    "16": 0.20590541265323428,
    "17": 0.31714507905317824,
    "18": 0.216678430189016,
    "19": 0.21723546186471704,
    "20": 0.21271428219870658,
    "21": 0.3003663069036627,
    "22": 0.19858093559014414,
    "23": 0.19147200663965458,
    "24": 0.19192882289634147,
    "25": 0.3021863912570979,
    "26": 0.13978014934446234,
    "27": 0.16526146518342114
  },
  "multi_layer_eval": {
    "14": {
      "mean": 0.22243713633601891,
      "std": 0.030476337763390742,
      "per_seed": [
        0.1990802747861995,
        0.2216899678248023,
        0.19842189425720255,
        0.21911419101441582,
        0.22850491146854385,
        0.19874797783943143,
        0.291500737161537
      ],
      "seed_agreement": 0.9718789782443458
    },
    "17": {
      "mean": 0.23197134847913858,
      "std": 0.034950430501720045,
      "per_seed": [
        0.22969903662847363,
        0.21431055286454687,
        0.21928213136530356,
        0.2191099980050341,
        0.31649859832374694,
        0.21274464021091324,
        0.2121544819559517
      ],
      "seed_agreement": 0.9693759972816233
    },
    "21": {
      "mean": 0.25211572623011935,
      "std": 0.04806000507918063,
      "per_seed": [
        0.2007442088705023,
        0.3062767335805169,
        0.2155780708929839,
        0.2288373916737102,
        0.19988768006334198,
        0.3101321925576661,
        0.3033538059721141
      ],
      "seed_agreement": 0.956745607471147
    }
  },
  "partial_corr": {
    "mean": 0.25211572623011935,
    "std": 0.04806000507918063,
    "per_seed": [
      0.2007442088705023,
      0.3062767335805169,
      0.2155780708929839,
      0.2288373916737102,
      0.19988768006334198,
      0.3101321925576661,
      0.3033538059721141
    ],
    "n_seeds": 7,
    "split": "validation (held-out seeds)"
  },
  "test_split_comparison": {
    "mean": 0.2379524155928975,
    "per_seed": [
      0.19548948575761796,
      0.30593285173366924,
      0.21243490928740533
    ]
  },
  "seed_agreement": {
    "mean": 0.956745607471147
  },
  "output_controlled": {
    "mean": 0.13894876678158483,
    "per_seed": [
      0.09755683569768814,
      0.20719837536447738,
      0.11209108928258896
    ]
  },
  "baselines": {
    "ff_goodness": -0.007583894127593231,
    "active_ratio": 0.014858064306661638,
    "act_entropy": -0.07615658541161412,
    "activation_norm": -0.008007069501957832,
    "random_head": -0.057697266379336046
  },
  "cross_domain": {
    "wikitext": 0.24086633778133434,
    "c4": 0.1898779054738835,
    "c4_within": 0.04632572726324772
  },
  "control_sensitivity": {
    "none": 0.6103456321017582,
    "softmax_only": 0.21219239276024268,
    "norm_only": 0.5842765606795454,
    "standard": 0.2007442088705023,
    "plus_entropy": 0.019397049562376426,
    "nonlinear": 0.23504537744320392
  },
  "flagging_6a": {
    "n_tokens": 193347,
    "summary": {
      "0.05": {
        "observer_exclusive": 5485.666666666667
      },
      "0.1": {
        "observer_exclusive": 8873.333333333334
      },
      "0.2": {
        "observer_exclusive": 11994.666666666666
      },
      "0.3": {
        "observer_exclusive": 12985.333333333334
      }
    }
  },
  "base_comparison": {
    "base_partial_corr": 0.255,
    "base_peak_layer": 17
  }
}