{
  "model": "Qwen/Qwen2.5-3B",
  "n_params_b": 3.09,
  "n_layers": 36,
  "hidden_dim": 2048,
  "protocol": {
    "layer_select_seed": 42,
    "eval_seeds": [
      43,
      44,
      45,
      46,
      47,
      48,
      49
    ],
    "target_ex_per_dim": 350,
    "batch_size": 8
  },
  "peak_layer_final": 25,
  "peak_layer_frac": 0.69,
  "layer_profile": {
    "0": 0.18261034902520498,
    "1": 0.13246986671699112,
    "2": 0.2048336766750452,
    "3": 0.21833453123940436,
    "4": 0.22219251101332071,
    "5": 0.22354992224463408,
    "6": 0.2236390512017618,
    "7": 0.22688603569922433,
    "8": 0.22461028606156333,
    "9": 0.22544040185037703,
    "10": 0.22839720988930984,
    "11": 0.23418765729962665,
    "12": 0.24114953935497202,
    "13": 0.24617434424568044,
    "14": 0.25097621311474116,
    "15": 0.25642535520087395,
    "16": 0.2593163739944414,
    "17": 0.26620550545573324,
    "18": 0.26557461213212896,
    "19": 0.27188574049408415,
    "20": 0.274554114686479,
    "21": 0.27368582921443907,
    "22": 0.28155866365302473,
    "23": 0.2866933939669585,
    "24": 0.28873353300549065,
    "25": 0.2928830162708121,
    "26": 0.29298983521559835,
    "27": 0.28664892284363314,
    "28": 0.2810598578614415,
    "29": 0.28050770109851797,
    "30": 0.260469887575958,
    "31": 0.24515860288907063,
    "32": 0.22846088862075387,
    "33": 0.22452723333801552,
    "34": 0.22528279738986684,
    "35": 0.18031590701466096
  },
  "multi_layer_eval": {
    "23": {
      "mean": 0.2367983363384248,
      "std": 0.01801326874264643,
      "per_seed": [
        0.22255855808409303,
        0.22150632093733583,
        0.22841338836045355,
        0.2283896876866443,
        0.24332894158743107,
        0.27742317380403914,
        0.23596828390897645
      ],
      "seed_agreement": 0.933945327894059
    },
    "24": {
      "mean": 0.2373920237858762,
      "std": 0.018207298885656503,
      "per_seed": [
        0.22393064905874993,
        0.2225320004432461,
        0.23021114886089245,
        0.23907663607411986,
        0.22572256755060893,
        0.27875537320322347,
        0.24151579131029266
      ],
      "seed_agreement": 0.9273832119609348
    },
    "25": {
      "mean": 0.2626436064018913,
      "std": 0.02070974889355753,
      "per_seed": [
        0.2880037451699337,
        0.22493305182307644,
        0.259283945838297,
        0.2759608697261125,
        0.26854626112134233,
        0.2796955417785416,
        0.24208182935593597
      ],
      "seed_agreement": 0.9251958005351926
    },
    "26": {
      "mean": 0.239164616190298,
      "std": 0.012781937524525784,
      "per_seed": [
        0.22905971178573534,
        0.22468159008728383,
        0.23361371717903032,
        0.2628613723955206,
        0.2513451612844478,
        0.23018805242367932,
        0.24240270817638898
      ],
      "seed_agreement": 0.9292514707039355
    }
  },
  "partial_corr": {
    "mean": 0.2626436064018913,
    "std": 0.02070974889355753,
    "per_seed": [
      0.2880037451699337,
      0.22493305182307644,
      0.259283945838297,
      0.2759608697261125,
      0.26854626112134233,
      0.2796955417785416,
      0.24208182935593597
    ],
    "n_seeds": 7,
    "split": "validation (held-out seeds)"
  },
  "test_split_comparison": {
    "mean": 0.25453936790998083,
    "per_seed": [
      0.2836111669564355,
      0.2230025712475032,
      0.2570043655260037
    ]
  },
  "seed_agreement": {
    "mean": 0.9251958005351926
  },
  "output_controlled": {
    "mean": 0.143892332428021,
    "per_seed": [
      0.1726733260206254,
      0.11497481088303402,
      0.14402886038040355
    ]
  },
  "baselines": {
    "ff_goodness": -0.0059301861488724765,
    "active_ratio": 0.014668596279682578,
    "act_entropy": -0.014032895644512922,
    "activation_norm": -0.0024328745435094586,
    "random_head": 0.02270377809149597
  },
  "cross_domain": {
    "wikitext": 0.2574069142771023,
    "c4": 0.19000487165935165,
    "c4_within": -0.021386347252037047
  },
  "control_sensitivity": {
    "none": 0.6617243743367465,
    "softmax_only": 0.2860528489650486,
    "norm_only": 0.6595556231833781,
    "standard": 0.2880037451699337,
    "plus_entropy": 0.13298123826047503,
    "nonlinear": 0.27922038201324556
  },
  "flagging_6a": {
    "n_tokens": 193347,
    "summary": {
      "0.05": {
        "observer_exclusive": 5726.0
      },
      "0.1": {
        "observer_exclusive": 9679.0
      },
      "0.2": {
        "observer_exclusive": 12516.333333333334
      },
      "0.3": {
        "observer_exclusive": 13034.666666666666
      }
    }
  }
}