{
  "model": "Qwen/Qwen2.5-3B-Instruct",
  "n_layers": 36,
  "hidden_dim": 2048,
  "protocol": {
    "layer_select_seed": 42,
    "eval_seeds": [
      43,
      44,
      45,
      46,
      47,
      48,
      49
    ],
    "target_ex_per_dim": 350,
    "batch_size": 8
  },
  "peak_layer_final": 25,
  "peak_layer_frac": 0.69,
  "layer_profile": {
    "0": 0.18868231668953658,
    "1": 0.16705282802562305,
    "2": 0.21255149489215258,
    "3": 0.23005030512083147,
    "4": 0.23344624448780246,
    "5": 0.23622726991952686,
    "6": 0.23577408467167632,
    "7": 0.23915311837974243,
    "8": 0.23603645358819417,
    "9": 0.23747388349716492,
    "10": 0.23901800767185422,
    "11": 0.2455622722829056,
    "12": 0.25198119756135146,
    "13": 0.25713595213384344,
    "14": 0.26124033416043607,
    "15": 0.2671524161968986,
    "16": 0.2692304560080315,
    "17": 0.2763604655621444,
    "18": 0.28085471336977663,
    "19": 0.282287476363246,
    "20": 0.2844161170417998,
    "21": 0.2840955161320467,
    "22": 0.29100685831182155,
    "23": 0.2966052096179875,
    "24": 0.2998385387586774,
    "25": 0.3058424512736275,
    "26": 0.3060660516908195,
    "27": 0.29857935115760187,
    "28": 0.2931697855308175,
    "29": 0.29456395691496995,
    "30": 0.27135256385799417,
    "31": 0.2553897011619677,
    "32": 0.23655749003839371,
    "33": 0.22779606324597845,
    "34": 0.23569292599858588,
    "35": 0.2294169700786883
  },
  "multi_layer_eval": {
    "24": {
      "mean": 0.2465939235881059,
      "std": 0.030372401646833382,
      "per_seed": [
        0.22204099466293553,
        0.22177773632808984,
        0.2923332129827972,
        0.22526799378215645,
        0.2449746546318569,
        0.2940579934153896,
        0.22570487931351582
      ],
      "seed_agreement": 0.9196547874237262
    },
    "25": {
      "mean": 0.254188388375136,
      "std": 0.02980829752681404,
      "per_seed": [
        0.22815519557622532,
        0.22844774944903404,
        0.2977287662512603,
        0.23556123643050925,
        0.25876968197087946,
        0.29973391002281363,
        0.23092217892523023
      ],
      "seed_agreement": 0.9202496102072549
    },
    "26": {
      "mean": 0.2533921539585923,
      "std": 0.027420865176679455,
      "per_seed": [
        0.22863595193080752,
        0.22676271918534274,
        0.2687736910983743,
        0.2369223050365759,
        0.28248726132307295,
        0.29909387090965034,
        0.23106927822632256
      ],
      "seed_agreement": 0.9169729380698722
    },
    "27": {
      "mean": 0.24945589324132772,
      "std": 0.028877402619055144,
      "per_seed": [
        0.22026016257672598,
        0.21988940361302603,
        0.271838328619058,
        0.23488082582478392,
        0.2844183658035119,
        0.2894450829818252,
        0.2254590832703629
      ],
      "seed_agreement": 0.9044070522484343
    }
  },
  "partial_corr": {
    "mean": 0.254188388375136,
    "std": 0.02980829752681404,
    "per_seed": [
      0.22815519557622532,
      0.22844774944903404,
      0.2977287662512603,
      0.23556123643050925,
      0.25876968197087946,
      0.29973391002281363,
      0.23092217892523023
    ],
    "n_seeds": 7,
    "split": "validation (held-out seeds)"
  },
  "test_split_comparison": {
    "mean": 0.24709018532713264,
    "per_seed": [
      0.22193788626210154,
      0.22421286718666125,
      0.2951198025326352
    ]
  },
  "seed_agreement": {
    "mean": 0.9202496102072549
  },
  "output_controlled": {
    "mean": 0.1311035000267037,
    "per_seed": [
      0.10886742613156537,
      0.11030596957184308,
      0.1741371043767027
    ]
  },
  "baselines": {
    "ff_goodness": -0.0004758619322146485,
    "active_ratio": 0.003304138606226222,
    "act_entropy": -0.05029812378588058,
    "activation_norm": -0.005540097139205175,
    "random_head": 0.026590419519572424
  },
  "cross_domain": {
    "wikitext": 0.2514439037588399,
    "c4": 0.1987244596488044,
    "c4_within": 0.22804712418105644
  },
  "flagging_6a": {
    "n_tokens": 193347,
    "summary": {
      "0.05": {
        "observer_exclusive": 5558.0
      },
      "0.1": {
        "observer_exclusive": 9284.0
      },
      "0.2": {
        "observer_exclusive": 12552.666666666666
      },
      "0.3": {
        "observer_exclusive": 13454.333333333334
      }
    }
  }
}