{
  "model": "Qwen/Qwen2.5-1.5B",
  "n_params_b": 1.54,
  "n_layers": 28,
  "hidden_dim": 1536,
  "protocol": {
    "layer_select_seed": 42,
    "eval_seeds": [
      43,
      44,
      45,
      46,
      47,
      48,
      49
    ],
    "target_ex_per_dim": 350,
    "batch_size": 8
  },
  "peak_layer_final": 18,
  "peak_layer_frac": 0.64,
  "layer_profile": {
    "0": 0.16347589695023435,
    "1": 0.15530820024970862,
    "2": 0.1699121892383983,
    "3": 0.16931941291575198,
    "4": 0.1731554169455174,
    "5": 0.174641949283317,
    "6": 0.22193324775553364,
    "7": 0.18683954869979533,
    "8": 0.19467353990176128,
    "9": 0.1971932584740273,
    "10": 0.20660535865651306,
    "11": 0.20288208241919245,
    "12": 0.20904884565197912,
    "13": 0.21080893576144008,
    "14": 0.2151044895238306,
    "15": 0.21776599961259352,
    "16": 0.2219974303253274,
    "17": 0.25978128159500785,
    "18": 0.23430907028572254,
    "19": 0.2322676127501945,
    "20": 0.22932681597054536,
    "21": 0.22206602385648325,
    "22": 0.21928248640612844,
    "23": 0.20836768333739628,
    "24": 0.24519506859724585,
    "25": 0.20743300028985887,
    "26": 0.2685134362284969,
    "27": 0.14360420555757242
  },
  "multi_layer_eval": {
    "17": {
      "mean": 0.26937336221715313,
      "std": 0.029896023199526136,
      "per_seed": [
        0.2919572880544327,
        0.22623571840110565,
        0.29242999212561377,
        0.2568699066528043,
        0.22682148421876702,
        0.29738594670873436,
        0.29391319935861415
      ],
      "seed_agreement": 0.9595154719566802
    },
    "18": {
      "mean": 0.27486376114125827,
      "std": 0.03247436194735929,
      "per_seed": [
        0.23502644069026393,
        0.2317345757820665,
        0.24623247041370558,
        0.3025014393230688,
        0.30266236839842026,
        0.3038215180762201,
        0.3020675153050627
      ],
      "seed_agreement": 0.952875108506138
    }
  },
  "partial_corr": {
    "mean": 0.27486376114125827,
    "std": 0.03247436194735929,
    "per_seed": [
      0.23502644069026393,
      0.2317345757820665,
      0.24623247041370558,
      0.3025014393230688,
      0.30266236839842026,
      0.3038215180762201,
      0.3020675153050627
    ],
    "n_seeds": 7,
    "split": "validation (held-out seeds)"
  },
  "test_split_comparison": {
    "mean": 0.23598739326139592,
    "per_seed": [
      0.23248076627416692,
      0.23026262122171443,
      0.24521879228830634
    ]
  },
  "seed_agreement": {
    "mean": 0.952875108506138
  },
  "output_controlled": {
    "mean": 0.1266960602550702,
    "per_seed": [
      0.1306787017956877,
      0.11515225741598147,
      0.13425722155354142
    ]
  },
  "baselines": {
    "ff_goodness": -0.002949614653107817,
    "active_ratio": 0.012260709759572306,
    "act_entropy": -0.030901991753105894,
    "activation_norm": 0.004902141298572737,
    "random_head": -0.051201158974084296
  },
  "cross_domain": {
    "wikitext": 0.23766449562867867,
    "c4": 0.19773457213518755,
    "c4_within": -0.011299491653636683
  },
  "control_sensitivity": {
    "none": 0.6202235929839849,
    "softmax_only": 0.23078667659886756,
    "norm_only": 0.6214455376914446,
    "standard": 0.23502644069026393,
    "plus_entropy": 0.07745511603558095,
    "nonlinear": 0.25530661003907307
  },
  "flagging_6a": {
    "n_tokens": 193347,
    "summary": {
      "0.05": {
        "observer_exclusive": 5503.666666666667
      },
      "0.1": {
        "observer_exclusive": 8993.333333333334
      },
      "0.2": {
        "observer_exclusive": 11972.666666666666
      },
      "0.3": {
        "observer_exclusive": 12587.333333333334
      }
    }
  }
}