{
  "model": "Qwen/Qwen2.5-1.5B",
  "n_params_b": 1.54,
  "n_layers": 28,
  "hidden_dim": 1536,
  "protocol": {
    "layer_select_seed": 42,
    "eval_seeds": [
      43,
      44,
      45,
      46,
      47,
      48,
      49
    ],
    "target_ex_per_dim": 150,
    "n_train_tokens": 230400,
    "batch_size": 8
  },
  "peak_layer_final": 17,
  "peak_layer_frac": 0.61,
  "layer_profile": {
    "0": 0.1532345017899549,
    "1": 0.14712263450497218,
    "2": 0.16266834243873896,
    "3": 0.16213072538606532,
    "4": 0.1666786391980099,
    "5": 0.16939790629488455,
    "6": 0.17840839882393378,
    "7": 0.2368842122392099,
    "8": 0.1896591493055375,
    "9": 0.19473880536602656,
    "10": 0.1974607224294238,
    "11": 0.19836521775950325,
    "12": 0.26261291992134816,
    "13": 0.20603844859775894,
    "14": 0.22425233480798,
    "15": 0.2640145476223088,
    "16": 0.21711988369564617,
    "17": 0.26006556713295537,
    "18": 0.2275741658155393,
    "19": 0.22677010299024686,
    "20": 0.22735619366323268,
    "21": 0.21636595758296595,
    "22": 0.21370077300018087,
    "23": 0.20493068074778348,
    "24": 0.2071052311306975,
    "25": 0.20382351632144963,
    "26": 0.2698739960065164,
    "27": 0.1428641715202687
  },
  "multi_layer_eval": {
    "12": {
      "mean": 0.23805725985155068,
      "std": 0.030050598018790915,
      "per_seed": [
        0.20499007760474702,
        0.26320907925828213,
        0.26442441194092425,
        0.2622073228248962,
        0.20306577775216217,
        0.20213197523639007,
        0.2663721743434528
      ],
      "seed_agreement": 0.9549619743298566
    },
    "15": {
      "mean": 0.23808911643731095,
      "std": 0.027332676430560622,
      "per_seed": [
        0.2105311154600032,
        0.27558314074028456,
        0.2757606557519171,
        0.22105183059978478,
        0.21115229258892507,
        0.21862765027034567,
        0.2539171296499162
      ],
      "seed_agreement": 0.9605729421041812
    },
    "17": {
      "mean": 0.25495879068790034,
      "std": 0.03121302112868327,
      "per_seed": [
        0.22220789483778286,
        0.29010088758842034,
        0.2879711285044662,
        0.22202038355922224,
        0.22240455065219117,
        0.24969359611035125,
        0.29031309356286844
      ],
      "seed_agreement": 0.955996955566421
    }
  },
  "partial_corr": {
    "mean": 0.25495879068790034,
    "std": 0.03121302112868327,
    "per_seed": [
      0.22220789483778286,
      0.29010088758842034,
      0.2879711285044662,
      0.22202038355922224,
      0.22240455065219117,
      0.24969359611035125,
      0.29031309356286844
    ],
    "n_seeds": 7,
    "split": "validation (held-out seeds)"
  },
  "test_split_comparison": {
    "mean": 0.2670949026225586,
    "per_seed": [
      0.22060950935993978,
      0.29163244063744737,
      0.28904275787028855
    ]
  },
  "seed_agreement": {
    "mean": 0.955996955566421
  },
  "output_controlled": {
    "mean": 0.18480038831822734,
    "per_seed": [
      0.14711105800273191,
      0.20424861621585866,
      0.2030414907360914
    ]
  },
  "baselines": {
    "ff_goodness": 0.003553276043743137,
    "active_ratio": 0.009972960833208745,
    "act_entropy": -0.03841651478568314,
    "activation_norm": -0.00028367556684908606,
    "random_head": -0.04707976669837405
  },
  "cross_domain": {
    "wikitext": 0.2667599703102231,
    "c4": 0.1957183224082203,
    "c4_within": -0.017893672641562275
  },
  "control_sensitivity": {
    "none": 0.5989120756294704,
    "softmax_only": 0.21956685713120538,
    "norm_only": 0.5937409875754249,
    "standard": 0.22220789483778286,
    "plus_entropy": 0.06965391902230686,
    "nonlinear": 0.22098376390133945
  },
  "flagging_6a": {
    "n_tokens": 193347,
    "summary": {
      "0.05": {
        "observer_exclusive": 5942.666666666667
      },
      "0.1": {
        "observer_exclusive": 9424.666666666666
      },
      "0.2": {
        "observer_exclusive": 12727.666666666666
      },
      "0.3": {
        "observer_exclusive": 13394.666666666666
      }
    }
  },
  "base_comparison": {
    "v1_partial_corr": 0.284,
    "v1_ex_per_dim": 65,
    "v1_peak_layer": 19,
    "v1_eval_split": "validation",
    "v1_seeds": 3
  },
  "provenance": {
    "model_revision": "8faed761",
    "script": "notebooks/",
    "timestamp": "2026-04-12T13:04:08-05:00",
    "git_commit": "ec37caa2e8b8",
    "backfilled": true
  }
}
