{
  "model": "Qwen/Qwen2.5-0.5B-Instruct",
  "n_params_b": 0.49,
  "n_layers": 24,
  "hidden_dim": 896,
  "protocol": {
    "layer_select_seed": 42,
    "eval_seeds": [
      43,
      44,
      45,
      46,
      47,
      48,
      49
    ],
    "target_ex_per_dim": 600,
    "n_train_tokens": 537600,
    "batch_size": 8,
    "layers_per_pass": 1
  },
  "peak_layer_final": 19,
  "peak_layer_frac": 0.79,
  "layer_profile": {
    "0": 0.21219427765809656,
    "1": 0.22547666717221745,
    "2": 0.19978144371400594,
    "3": 0.23302982626641036,
    "4": 0.2320141901554668,
    "5": 0.23611959919974784,
    "6": 0.24679360056522048,
    "7": 0.2682595507554889,
    "8": 0.2633839079333196,
    "9": 0.2805766198088286,
    "10": 0.2784468765650331,
    "11": 0.2822573311434445,
    "12": 0.2893804765560759,
    "13": 0.30615278829468423,
    "14": 0.2922557056240964,
    "15": 0.29119076430326046,
    "16": 0.29659540988572136,
    "17": 0.3058886589358948,
    "18": 0.3105581362319387,
    "19": 0.3122073470266962,
    "20": 0.30518680384846963,
    "21": 0.25156269137576015,
    "22": 0.27588793325534877,
    "23": 0.3026826528826622
  },
  "multi_layer_eval": {
    "13": {
      "mean": 0.29653386360920625,
      "std": 0.02612355437338158,
      "per_seed": [
        0.2716337995387955,
        0.3207358093736494,
        0.27231928806719846,
        0.2834367338741757,
        0.2697791840135253,
        0.3293740944355805,
        0.32845813596151907
      ],
      "seed_agreement": 0.9796003719916528
    },
    "17": {
      "mean": 0.3066825642720089,
      "std": 0.024591674446093476,
      "per_seed": [
        0.2750740240557074,
        0.32094438699144995,
        0.29114640138695214,
        0.3010424105046724,
        0.28069019321207955,
        0.33959140544573074,
        0.3382891283074699
      ],
      "seed_agreement": 0.9750947022861841
    },
    "18": {
      "mean": 0.30872721582516244,
      "std": 0.02369957225554686,
      "per_seed": [
        0.2811766036774287,
        0.324574653638089,
        0.29637987118366016,
        0.2992300726202795,
        0.28073917290651623,
        0.3405452741855236,
        0.33844486256463957
      ],
      "seed_agreement": 0.9739181502336458
    },
    "19": {
      "mean": 0.31225823848142337,
      "std": 0.022434427291349906,
      "per_seed": [
        0.28607626036299283,
        0.3267959389555139,
        0.3008161916472724,
        0.30198608755969836,
        0.2867227844097937,
        0.34303553826770794,
        0.34037486816698437
      ],
      "seed_agreement": 0.9702371732859346
    }
  },
  "partial_corr": {
    "mean": 0.31225823848142337,
    "std": 0.022434427291349906,
    "per_seed": [
      0.28607626036299283,
      0.3267959389555139,
      0.3008161916472724,
      0.30198608755969836,
      0.2867227844097937,
      0.34303553826770794,
      0.34037486816698437
    ],
    "n_seeds": 7,
    "split": "validation (held-out seeds)"
  },
  "test_split_comparison": {
    "mean": 0.29768330916777347,
    "per_seed": [
      0.2797532152379569,
      0.3203128094631463,
      0.29298390280221714
    ]
  },
  "seed_agreement": {
    "mean": 0.9702371732859346
  },
  "output_controlled": {
    "mean": 0.12665728855510863,
    "per_seed": [
      0.1099492608517886,
      0.14583875077702294,
      0.12418385403651441
    ]
  },
  "baselines": {
    "ff_goodness": -0.0007404408212356355,
    "active_ratio": -0.00855266219895349,
    "act_entropy": -0.13113528643295072,
    "activation_norm": 0.0009121646348163842,
    "random_head": -0.06526356668737116
  },
  "cross_domain": {
    "wikitext": 0.30456279698859307,
    "c4": 0.22072861315024128,
    "c4_within": 0.17230330049319809
  },
  "control_sensitivity": {
    "none": 0.6139608201140049,
    "softmax_only": 0.2860721704517726,
    "norm_only": 0.6137774997151406,
    "standard": 0.28607626036299283,
    "plus_entropy": 0.09135354662628037,
    "nonlinear": 0.29108771728706073
  },
  "flagging_6a": {
    "n_tokens": 193347,
    "summary": {
      "0.05": {
        "observer_exclusive": 5431.666666666667
      },
      "0.1": {
        "observer_exclusive": 8538.333333333334
      },
      "0.2": {
        "observer_exclusive": 12365.0
      },
      "0.3": {
        "observer_exclusive": 14154.666666666666
      }
    }
  }
}