{
  "model": "Qwen/Qwen2.5-14B",
  "n_params_b": 14.8,
  "n_layers": 48,
  "hidden_dim": 5120,
  "peak_layer": 32,
  "peak_layer_source": "validation",
  "peak_layer_frac": 0.67,
  "layer_profile_split": "validation",
  "layer_profile": {
    "0": 0.09039850529442435,
    "4": 0.13908155617325046,
    "8": 0.17456987994097975,
    "12": 0.21203308887923156,
    "16": 0.22495385629673956,
    "20": 0.19606395680826222,
    "24": 0.17898149477313355,
    "28": 0.18927405812958376,
    "29": 0.20810855959302424,
    "30": 0.2461086092596147,
    "31": 0.19647302188816357,
    "32": 0.24642396517106338,
    "33": 0.18716056672804615,
    "34": 0.238741932599792,
    "35": 0.1797995615661415,
    "36": 0.22997998803147846,
    "40": 0.1991116348625074,
    "44": 0.1988554830977004,
    "47": 0.11051678262669447
  },
  "val_partial_corr_at_peak": 0.24642396517106338,
  "partial_corr": {
    "mean": 0.19352100619275436,
    "per_seed": [
      0.22801014918402066,
      0.18368699727512922,
      0.16886587211911316
    ],
    "split": "test"
  },
  "seed_agreement": {
    "mean": 0.8685917268780862,
    "pairwise": [
      0.8628964601322979,
      0.8405529206387011,
      0.9023257998632593
    ]
  },
  "output_controlled": {
    "mean": 0.13458658199114068,
    "per_seed": [
      0.16251703317498048,
      0.12735843918532164,
      0.11388427361311991
    ]
  },
  "baselines": {
    "ff_goodness": 0.001339165346270332,
    "active_ratio": 0.027320947034021797,
    "act_entropy": 0.0047749666203355644,
    "activation_norm": 0.005299524113588857,
    "random_head": 0.004259904216550573
  },
  "cross_domain": {
    "wikitext": 0.19352100619275436,
    "c4": 0.15892018950664163,
    "c4_within": -0.0378210775288505
  },
  "control_sensitivity": {
    "none": 0.676885053036013,
    "softmax_only": 0.23112506869518212,
    "norm_only": 0.666836817920644,
    "standard": 0.22801014918402066,
    "plus_entropy": 0.10473506143958498,
    "nonlinear": 0.21898991912419777
  },
  "flagging_6a": {
    "seeds": [
      42,
      43,
      44
    ],
    "n_test_tokens": 87464,
    "median_loss": 0.884765625,
    "peak_layer": 32,
    "output_layer": 47,
    "per_seed": [
      {
        "observer": {
          "0.05": 0.9462611479533501,
          "0.1": 0.9127601189115024,
          "0.2": 0.8570203521609879,
          "0.3": 0.8155798620374252
        },
        "confidence": {
          "0.05": 1.0,
          "0.1": 1.0,
          "0.2": 1.0,
          "0.3": 1.0
        },
        "exclusive": {
          "0.05": {
            "observer_only": 2868,
            "confidence_only": 3120,
            "combined_precision": 0.9686373949019085
          },
          "0.1": {
            "observer_only": 4798,
            "confidence_only": 5596,
            "combined_precision": 0.9467996095384187
          },
          "0.2": {
            "observer_only": 6048,
            "confidence_only": 8605,
            "combined_precision": 0.9041652297198912
          },
          "0.3": {
            "observer_only": 5531,
            "confidence_only": 10395,
            "combined_precision": 0.8679095921821259
          }
        }
      },
      {
        "observer": {
          "0.05": 0.9327692659501486,
          "0.1": 0.9014406585867826,
          "0.2": 0.8483306654470615,
          "0.3": 0.8043370555280308
        },
        "confidence": {
          "0.05": 1.0,
          "0.1": 1.0,
          "0.2": 1.0,
          "0.3": 1.0
        },
        "exclusive": {
          "0.05": {
            "observer_only": 2685,
            "confidence_only": 2996,
            "combined_precision": 0.9601031347536979
          },
          "0.1": {
            "observer_only": 4439,
            "confidence_only": 5336,
            "combined_precision": 0.9387871041045306
          },
          "0.2": {
            "observer_only": 5973,
            "confidence_only": 8682,
            "combined_precision": 0.8986398716283335
          },
          "0.3": {
            "observer_only": 5576,
            "confidence_only": 10735,
            "combined_precision": 0.8611456699302212
          }
        }
      },
      {
        "observer": {
          "0.05": 0.9378001372055796,
          "0.1": 0.90384175623142,
          "0.2": 0.8532471987194146,
          "0.3": 0.8085292884637372
        },
        "confidence": {
          "0.05": 1.0,
          "0.1": 1.0,
          "0.2": 1.0,
          "0.3": 1.0
        },
        "exclusive": {
          "0.05": {
            "observer_only": 2737,
            "confidence_only": 3026,
            "combined_precision": 0.9632382754426274
          },
          "0.1": {
            "observer_only": 4459,
            "confidence_only": 5335,
            "combined_precision": 0.9402741282579362
          },
          "0.2": {
            "observer_only": 5978,
            "confidence_only": 8601,
            "combined_precision": 0.9016211244395048
          },
          "0.3": {
            "observer_only": 5602,
            "confidence_only": 10651,
            "combined_precision": 0.8638113309840065
          }
        }
      }
    ],
    "summary": {
      "0.05": {
        "observer_precision": 0.9389435170363595,
        "confidence_precision": 1.0,
        "observer_exclusive": 2763.3333333333335,
        "confidence_exclusive": 3047.3333333333335
      },
      "0.1": {
        "observer_precision": 0.9060141779099017,
        "confidence_precision": 1.0,
        "observer_exclusive": 4565.333333333333,
        "confidence_exclusive": 5422.333333333333
      },
      "0.2": {
        "observer_precision": 0.8528660721091548,
        "confidence_precision": 1.0,
        "observer_exclusive": 5999.666666666667,
        "confidence_exclusive": 8629.333333333334
      },
      "0.3": {
        "observer_precision": 0.8094820686763976,
        "confidence_precision": 1.0,
        "observer_exclusive": 5569.666666666667,
        "confidence_exclusive": 10593.666666666666
      }
    }
  }
}