{
  "model": "Qwen/Qwen2.5-7B-Instruct",
  "n_params_b": 7.62,
  "n_layers": 28,
  "hidden_dim": 3584,
  "protocol": {
    "layer_select_seed": 42,
    "eval_seeds": [
      43,
      44,
      45,
      46,
      47,
      48,
      49
    ],
    "target_ex_per_dim": 350,
    "batch_size": 48,
    "layers_per_pass": 1
  },
  "peak_layer_final": 17,
  "peak_layer_frac": 0.61,
  "layer_profile": {
    "0": 0.21177498389416546,
    "1": 0.21446719826233085,
    "2": 0.23029985145750917,
    "3": 0.25199173797770746,
    "4": 0.16826916072847278,
    "5": 0.26398560658011627,
    "6": 0.18326903001147346,
    "7": 0.26523750821647984,
    "8": 0.19071510579984852,
    "9": 0.27577894989598317,
    "10": 0.28817918788868424,
    "11": 0.19894960176591198,
    "12": 0.227902590655394,
    "13": 0.26214829770215314,
    "14": 0.3090397148846184,
    "15": 0.3075655856750204,
    "16": 0.3193400142712643,
    "17": 0.32475079953002617,
    "18": 0.333567087829093,
    "19": 0.3366354029751853,
    "20": 0.32835707274391324,
    "21": 0.22486254760302557,
    "22": 0.26401462894443256,
    "23": 0.20350891594654744,
    "24": 0.303573715200504,
    "25": 0.2989552325081914,
    "26": 0.30138219280260375,
    "27": 0.2265313622781789
  },
  "multi_layer_eval": {
    "17": {
      "mean": 0.2905464224550463,
      "std": 0.04496302725523093,
      "per_seed": [
        0.3265204800535917,
        0.22557117064466603,
        0.33034735277722854,
        0.32583911178070596,
        0.22375879589230105,
        0.324678260032509,
        0.27710978600432157
      ],
      "seed_agreement": 0.9594401903965364
    },
    "18": {
      "mean": 0.2737756231066562,
      "std": 0.047942590685786976,
      "per_seed": [
        0.33281148243232034,
        0.23224083878464175,
        0.2344000493014793,
        0.23080146039120658,
        0.2317938965758728,
        0.32463863420658584,
        0.3297430000544869
      ],
      "seed_agreement": 0.9593054109369996
    },
    "19": {
      "mean": 0.28453770278134877,
      "std": 0.04228387137402784,
      "per_seed": [
        0.3175848891892809,
        0.24873545158108798,
        0.335332436755511,
        0.2898893230535878,
        0.23261592086684432,
        0.3329754348431464,
        0.23463046317998315
      ],
      "seed_agreement": 0.9600883275191437
    },
    "20": {
      "mean": 0.2399388345410989,
      "std": 0.011835009511306631,
      "per_seed": [
        0.25532231331754934,
        0.23005955186296925,
        0.25979114897521016,
        0.22806429233452105,
        0.23710195428576192,
        0.23943264414863172,
        0.22979993686304892
      ],
      "seed_agreement": 0.9730380386346165
    }
  },
  "partial_corr": {
    "mean": 0.2905464224550463,
    "std": 0.04496302725523093,
    "per_seed": [
      0.3265204800535917,
      0.22557117064466603,
      0.33034735277722854,
      0.32583911178070596,
      0.22375879589230105,
      0.324678260032509,
      0.27710978600432157
    ],
    "n_seeds": 7,
    "split": "validation (held-out seeds)"
  },
  "test_split_comparison": {
    "mean": 0.2918442069927651,
    "per_seed": [
      0.32656606137355976,
      0.21996026480721906,
      0.32900629479751636
    ]
  },
  "seed_agreement": {
    "mean": 0.9594401903965364
  },
  "output_controlled": {
    "mean": 0.1644146205129691,
    "per_seed": [
      0.2020835230635391,
      0.0974790703630328,
      0.19368126811233546
    ]
  },
  "baselines": {
    "ff_goodness": -0.0019515739986346943,
    "active_ratio": 0.014190036618198516,
    "act_entropy": -0.06814911081210567,
    "activation_norm": 0.023959187433487926,
    "random_head": -0.005123151169162958
  },
  "cross_domain": {
    "wikitext": 0.29414633449182875,
    "c4": 0.19658443557089544,
    "c4_within": 0.2332074120222968
  },
  "control_sensitivity": {
    "none": 0.661368601709025,
    "softmax_only": 0.32251657834270236,
    "norm_only": 0.6590836255601417,
    "standard": 0.3265204800535917,
    "plus_entropy": 0.19115833439741634,
    "nonlinear": 0.282166219861995
  },
  "flagging_6a": {
    "n_tokens": 193347,
    "summary": {
      "0.05": {
        "observer_exclusive": 6157.666666666667
      },
      "0.1": {
        "observer_exclusive": 9993.0
      },
      "0.2": {
        "observer_exclusive": 13030.333333333334
      },
      "0.3": {
        "observer_exclusive": 13642.0
      }
    }
  }
}