{
  "model": "Qwen/Qwen2.5-14B",
  "n_params_b": 14.8,
  "n_layers": 48,
  "hidden_dim": 5120,
  "peak_layer": 30,
  "peak_layer_source": "validation",
  "peak_layer_frac": 0.62,
  "layer_profile_split": "validation",
  "layer_profile": {
    "0": 0.09611853532409653,
    "8": 0.21465440092693272,
    "16": 0.23492097044789778,
    "17": 0.24077790740751304,
    "18": 0.23988369395126985,
    "19": 0.23948699781219954,
    "20": 0.24727459172873162,
    "21": 0.24582186518422136,
    "22": 0.24705036183632423,
    "23": 0.24592779278782026,
    "24": 0.24526051054267503,
    "25": 0.2508841422014785,
    "26": 0.2538607516776844,
    "27": 0.2604807961844511,
    "28": 0.26049048266129726,
    "29": 0.26036847970782556,
    "30": 0.26098628159435777,
    "31": 0.25808516721287367,
    "32": 0.25429820617851606,
    "33": 0.24545053087761262,
    "34": 0.24133443634178833,
    "35": 0.23830174591111727,
    "36": 0.22774623248146625,
    "37": 0.21436836139684642,
    "38": 0.21428829553068918,
    "39": 0.2055529448270894,
    "40": 0.1944351356015213,
    "44": 0.19355099947098311,
    "47": 0.11166359536549464
  },
  "val_partial_corr_at_peak": 0.26098628159435777,
  "token_budget": {
    "target_ex_per_dim": 350,
    "train_tokens": 1792174,
    "test_tokens": 224290,
    "train_ex_per_dim": 350.0,
    "test_ex_per_dim": 43.8,
    "train_docs_loaded": 12000
  },
  "partial_corr": {
    "mean": 0.21356858161363812,
    "std": 0.032480852584768405,
    "per_seed": [
      0.25344240457477063,
      0.18483908489378698,
      0.18471880399113025,
      0.18581996785806443,
      0.24941443165160054,
      0.18646379028467597,
      0.250281588041438
    ],
    "n_seeds": 7,
    "split": "test"
  },
  "seed_agreement": {
    "mean": 0.8508642866352568,
    "pairwise": [
      0.8198012107235793,
      0.8242675636803747,
      0.8249509622791414,
      0.8897233184941955,
      0.8302942705697114,
      0.8912233882941702,
      0.8818558845578611,
      0.8760689259262562,
      0.8217959512912413,
      0.8855419189302175,
      0.8256725164369741,
      0.8867256801540754,
      0.8225589812302805,
      0.8830428689218401,
      0.8216391271780038,
      0.8288435691974559,
      0.8875362783093117,
      0.824289887233504,
      0.8295454333929224,
      0.8880646478655362,
      0.8247076346737401
    ]
  },
  "output_controlled": {
    "mean": 0.09567413552875993,
    "per_seed": [
      0.12914393805845706,
      0.07616956384824816,
      0.08170890467957458
    ]
  },
  "baselines": {
    "ff_goodness": -0.0013731607580416128,
    "active_ratio": 0.026473813294188096,
    "act_entropy": -0.0027956437876343835,
    "activation_norm": 0.0007308230055318978,
    "random_head": 0.009336892914144223
  },
  "cross_domain": {
    "wikitext": 0.20766676448656263,
    "c4": 0.16917480967766999,
    "c4_within": -0.03970252312410891
  },
  "control_sensitivity": {
    "none": 0.6967130134684663,
    "softmax_only": 0.2522565412989725,
    "norm_only": 0.6973120167392823,
    "standard": 0.25344240457477063,
    "plus_entropy": 0.11919503994373692,
    "nonlinear": 0.23979698563606267
  },
  "flagging_6a": {
    "seeds": [
      42,
      43,
      44
    ],
    "n_test_tokens": 224290,
    "median_loss": 0.91796875,
    "peak_layer": 30,
    "output_layer": 47,
    "per_seed": [
      {
        "observer": {
          "0.05": 0.9653112181202069,
          "0.1": 0.9320522537785902,
          "0.2": 0.8772571224753667,
          "0.3": 0.8304724538172307
        },
        "confidence": {
          "0.05": 1.0,
          "0.1": 1.0,
          "0.2": 1.0,
          "0.3": 1.0
        },
        "exclusive": {
          "0.05": {
            "observer_only": 7411,
            "confidence_only": 7953,
            "combined_precision": 0.9797047007878124
          },
          "0.1": {
            "observer_only": 12107,
            "confidence_only": 13763,
            "combined_precision": 0.9578912466843501
          },
          "0.2": {
            "observer_only": 14314,
            "confidence_only": 21789,
            "combined_precision": 0.9173856287604844
          },
          "0.3": {
            "observer_only": 14012,
            "confidence_only": 25540,
            "combined_precision": 0.8771154944143407
          }
        }
      },
      {
        "observer": {
          "0.05": 0.9373105047262351,
          "0.1": 0.9042757144767934,
          "0.2": 0.8592224352400909,
          "0.3": 0.8180034776405546
        },
        "confidence": {
          "0.05": 1.0,
          "0.1": 1.0,
          "0.2": 1.0,
          "0.3": 1.0
        },
        "exclusive": {
          "0.05": {
            "observer_only": 6800,
            "confidence_only": 7656,
            "combined_precision": 0.9627450980392157
          },
          "0.1": {
            "observer_only": 11241,
            "confidence_only": 13520,
            "combined_precision": 0.9402765028234443
          },
          "0.2": {
            "observer_only": 15154,
            "confidence_only": 23438,
            "combined_precision": 0.907534848307368
          },
          "0.3": {
            "observer_only": 14552,
            "confidence_only": 26919,
            "combined_precision": 0.8700082797274059
          }
        }
      },
      {
        "observer": {
          "0.05": 0.9390939896557874,
          "0.1": 0.9123456239689688,
          "0.2": 0.8649516251281822,
          "0.3": 0.820188149271033
        },
        "confidence": {
          "0.05": 1.0,
          "0.1": 1.0,
          "0.2": 1.0,
          "0.3": 1.0
        },
        "exclusive": {
          "0.05": {
            "observer_only": 6926,
            "confidence_only": 7762,
            "combined_precision": 0.9640071669477235
          },
          "0.1": {
            "observer_only": 11499,
            "confidence_only": 13597,
            "combined_precision": 0.9454283017820463
          },
          "0.2": {
            "observer_only": 14996,
            "confidence_only": 23023,
            "combined_precision": 0.9107555869831028
          },
          "0.3": {
            "observer_only": 14421,
            "confidence_only": 26641,
            "combined_precision": 0.8711885699684865
          }
        }
      }
    ],
    "summary": {
      "0.05": {
        "observer_precision": 0.9472385708340765,
        "confidence_precision": 1.0,
        "observer_exclusive": 7045.666666666667,
        "confidence_exclusive": 7790.333333333333
      },
      "0.1": {
        "observer_precision": 0.9162245307414508,
        "confidence_precision": 1.0,
        "observer_exclusive": 11615.666666666666,
        "confidence_exclusive": 13626.666666666666
      },
      "0.2": {
        "observer_precision": 0.8671437276145465,
        "confidence_precision": 1.0,
        "observer_exclusive": 14821.333333333334,
        "confidence_exclusive": 22750.0
      },
      "0.3": {
        "observer_precision": 0.822888026909606,
        "confidence_precision": 1.0,
        "observer_exclusive": 14328.333333333334,
        "confidence_exclusive": 26366.666666666668
      }
    }
  },
  "version_history": {
    "v1": {
      "partial_corr": 0.194,
      "output_controlled": 0.135,
      "ex_per_dim": 68,
      "peak_layer": 32
    },
    "v2": {
      "partial_corr": 0.212,
      "output_controlled": 0.111,
      "ex_per_dim": 250,
      "peak_layer": 28
    }
  },
  "protocol": {
    "layer_select_seed": 42,
    "eval_seeds": [
      43,
      44,
      45,
      46,
      47,
      48,
      49
    ],
    "target_ex_per_dim": 350,
    "batch_size": 8,
    "note": "protocol backfilled from script source"
  }
}