{
  "model": "Qwen/Qwen2.5-7B",
  "n_params_b": 7.6,
  "n_layers": 28,
  "hidden_dim": 3584,
  "peak_layer": 18,
  "peak_layer_frac": 0.64,
  "layer_profile": {
    "0": 0.08717494081261463,
    "2": 0.07994038819090571,
    "4": 0.16804424879790997,
    "6": 0.17843339471621872,
    "8": 0.18077393640441106,
    "10": 0.1837339180572543,
    "12": 0.19271050538412188,
    "14": 0.19827897900370087,
    "16": 0.20202367365489388,
    "17": 0.20714873791513683,
    "18": 0.25541882098492835,
    "19": 0.2515295698241119,
    "20": 0.24949781161964957,
    "22": 0.18029844812956047,
    "24": 0.21598594788357714,
    "26": 0.1641004558970728,
    "27": 0.22047857548217598
  },
  "partial_corr": {
    "mean": 0.24007277214755773,
    "per_seed": [
      0.25541882098492835,
      0.2564827627915394,
      0.20831673266620537
    ]
  },
  "seed_agreement": {
    "mean": 0.9352153510219988,
    "pairwise": [
      0.9623557570321907,
      0.9220919965548244,
      0.9211982994789811
    ]
  },
  "output_controlled": {
    "mean": 0.17672742009198875,
    "per_seed": [
      0.1923160792539393,
      0.19128839950527285,
      0.14657778151675413
    ]
  },
  "cross_domain": {
    "wikitext": 0.24007277214755773,
    "c4": 0.188715553239147,
    "code": 0.09243169503192263,
    "c4_within": -0.031709744011458395
  },
  "control_sensitivity": {
    "none": 0.6783784651124218,
    "softmax_only": 0.25286119386027045,
    "norm_only": 0.6771469124983007,
    "standard": 0.25541882098492835,
    "plus_entropy": 0.11347709220647623,
    "nonlinear": 0.24948045142376674
  }
}