{
  "model": "Qwen/Qwen2.5-14B",
  "n_params_b": 14.8,
  "n_layers": 48,
  "hidden_dim": 5120,
  "peak_layer": 28,
  "peak_layer_source": "validation",
  "peak_layer_frac": 0.58,
  "layer_profile_split": "validation",
  "layer_profile": {
    "0": 0.09482564777940178,
    "4": 0.2013413332394577,
    "8": 0.16437084889931092,
    "12": 0.1890188097030318,
    "16": 0.2312015059536372,
    "20": 0.24278594148370958,
    "24": 0.24428891022463708,
    "25": 0.2493870205266739,
    "26": 0.2552805217878798,
    "27": 0.259826626359984,
    "28": 0.2602938406784042,
    "29": 0.2602151302595937,
    "30": 0.2581319929357702,
    "31": 0.25293344099433895,
    "32": 0.24906593871736035,
    "36": 0.22406090100076684,
    "40": 0.17271927698492986,
    "44": 0.18377568260150093,
    "47": 0.11126978982407507
  },
  "val_partial_corr_at_peak": 0.2602938406784042,
  "token_budget": {
    "train_tokens": 1280289,
    "test_tokens": 224290,
    "train_ex_per_dim": 250.1,
    "test_ex_per_dim": 43.8,
    "target_ex_per_dim": 150,
    "train_docs_loaded": 8533
  },
  "partial_corr": {
    "mean": 0.21188369970697588,
    "per_seed": [
      0.25218878613059964,
      0.18176977166970765,
      0.20169254132062042
    ],
    "split": "test"
  },
  "seed_agreement": {
    "mean": 0.8742799607208651,
    "pairwise": [
      0.8452758185503493,
      0.8642279489629441,
      0.9133361146493018
    ]
  },
  "output_controlled": {
    "mean": 0.11125910579948221,
    "per_seed": [
      0.14968684661116746,
      0.08734123553823682,
      0.09674923524904235
    ]
  },
  "baselines": {
    "ff_goodness": 0.0023145280298563086,
    "active_ratio": 0.02285444591578414,
    "act_entropy": -0.013562421552360638,
    "activation_norm": 0.015563482633347897,
    "random_head": 0.003894140662134314
  },
  "cross_domain": {
    "wikitext": 0.21188369970697588,
    "c4": 0.17662636357576322,
    "c4_within": -0.04304215816294249
  },
  "control_sensitivity": {
    "none": 0.6933377996742034,
    "softmax_only": 0.24999029994171373,
    "norm_only": 0.6923339620521393,
    "standard": 0.25218878613059964,
    "plus_entropy": 0.11767843194517458,
    "nonlinear": 0.24357712726941452
  },
  "flagging_6a": {
    "seeds": [
      42,
      43,
      44
    ],
    "n_test_tokens": 224290,
    "median_loss": 0.91796875,
    "peak_layer": 28,
    "output_layer": 47,
    "per_seed": [
      {
        "observer": {
          "0.05": 0.9528268236133405,
          "0.1": 0.9185429577778769,
          "0.2": 0.8720406616434081,
          "0.3": 0.8298185384992643
        },
        "confidence": {
          "0.05": 1.0,
          "0.1": 1.0,
          "0.2": 1.0,
          "0.3": 1.0
        },
        "exclusive": {
          "0.05": {
            "observer_only": 7279,
            "confidence_only": 7902,
            "combined_precision": 0.972326846620632
          },
          "0.1": {
            "observer_only": 12039,
            "confidence_only": 13945,
            "combined_precision": 0.9497718150327157
          },
          "0.2": {
            "observer_only": 15370,
            "confidence_only": 21376,
            "combined_precision": 0.9133375607693933
          },
          "0.3": {
            "observer_only": 13933,
            "confidence_only": 25572,
            "combined_precision": 0.8766840047814428
          }
        }
      },
      {
        "observer": {
          "0.05": 0.9448011414303549,
          "0.1": 0.9132819118106024,
          "0.2": 0.8673815150028981,
          "0.3": 0.8204259366593845
        },
        "confidence": {
          "0.05": 1.0,
          "0.1": 1.0,
          "0.2": 1.0,
          "0.3": 1.0
        },
        "exclusive": {
          "0.05": {
            "observer_only": 6705,
            "confidence_only": 7418,
            "combined_precision": 0.9667775869471876
          },
          "0.1": {
            "observer_only": 11321,
            "confidence_only": 13345,
            "combined_precision": 0.9456309051266283
          },
          "0.2": {
            "observer_only": 15332,
            "confidence_only": 21547,
            "combined_precision": 0.9104133724870115
          },
          "0.3": {
            "observer_only": 14255,
            "confidence_only": 26526,
            "combined_precision": 0.8712012194471982
          }
        }
      },
      {
        "observer": {
          "0.05": 0.9427501337613697,
          "0.1": 0.9164920415533461,
          "0.2": 0.8669579562173971,
          "0.3": 0.8215405650422816
        },
        "confidence": {
          "0.05": 1.0,
          "0.1": 1.0,
          "0.2": 1.0,
          "0.3": 1.0
        },
        "exclusive": {
          "0.05": {
            "observer_only": 6916,
            "confidence_only": 7652,
            "combined_precision": 0.9659705289939574
          },
          "0.1": {
            "observer_only": 11474,
            "confidence_only": 13426,
            "combined_precision": 0.9477618184353647
          },
          "0.2": {
            "observer_only": 15251,
            "confidence_only": 21485,
            "combined_precision": 0.9100432600274332
          },
          "0.3": {
            "observer_only": 14273,
            "confidence_only": 26469,
            "combined_precision": 0.8719228636033961
          }
        }
      }
    ],
    "summary": {
      "0.05": {
        "observer_precision": 0.9467926996016883,
        "confidence_precision": 1.0,
        "observer_exclusive": 6966.666666666667,
        "confidence_exclusive": 7657.333333333333
      },
      "0.1": {
        "observer_precision": 0.916105637047275,
        "confidence_precision": 1.0,
        "observer_exclusive": 11611.333333333334,
        "confidence_exclusive": 13572.0
      },
      "0.2": {
        "observer_precision": 0.8687933776212344,
        "confidence_precision": 1.0,
        "observer_exclusive": 15317.666666666666,
        "confidence_exclusive": 21469.333333333332
      },
      "0.3": {
        "observer_precision": 0.8239283467336435,
        "confidence_precision": 1.0,
        "observer_exclusive": 14153.666666666666,
        "confidence_exclusive": 26189.0
      }
    }
  },
  "v1_comparison": {
    "v1_partial_corr": 0.1935,
    "v1_output_controlled": 0.1346,
    "v1_train_ex_per_dim": 68,
    "v1_seed_spread": 0.059
  }
}