{
  "model": "Qwen/Qwen2.5-7B",
  "n_params_b": 7.62,
  "n_layers": 28,
  "hidden_dim": 3584,
  "protocol": {
    "layer_select_seed": 42,
    "eval_seeds": [
      43,
      44,
      45,
      46,
      47,
      48,
      49
    ],
    "target_ex_per_dim": 350,
    "batch_size": 48,
    "layers_per_pass": 1
  },
  "peak_layer_final": 17,
  "peak_layer_frac": 0.61,
  "layer_profile": {
    "0": 0.08177444245231792,
    "1": 0.06884159876948266,
    "2": 0.06821289745267836,
    "3": 0.16864350120033747,
    "4": 0.18048627749158408,
    "5": 0.22268672937612702,
    "6": 0.18789752112520758,
    "7": 0.2358180848278726,
    "8": 0.20870507548080083,
    "9": 0.23551507341296937,
    "10": 0.19863246084942013,
    "11": 0.24955289958724317,
    "12": 0.25305842294234043,
    "13": 0.20973578810968654,
    "14": 0.2619196029202177,
    "15": 0.22507297866237533,
    "16": 0.22120301513019647,
    "17": 0.2763002095314865,
    "18": 0.27488203149767965,
    "19": 0.2413974167935662,
    "20": 0.22961129877178427,
    "21": 0.22397529124445278,
    "22": 0.21669817762287663,
    "23": 0.21067019604110085,
    "24": 0.2189402719280651,
    "25": 0.20777257074302097,
    "26": 0.22736834667928804,
    "27": 0.07993933178399755
  },
  "multi_layer_eval": {
    "12": {
      "mean": 0.22652004667385534,
      "std": 0.021411779685295184,
      "per_seed": [
        0.21180116731898802,
        0.20713667310625178,
        0.2482237743750295,
        0.20604075939213784,
        0.20730449903893375,
        0.2529791736380784,
        0.2521542798475681
      ],
      "seed_agreement": 0.9580034544026713
    },
    "14": {
      "mean": 0.22804478146247958,
      "std": 0.020892735527208897,
      "per_seed": [
        0.2110179889837227,
        0.22145350597473826,
        0.25969146666796494,
        0.21216210718265138,
        0.2121833222956434,
        0.26153142582781597,
        0.21827365330482054
      ],
      "seed_agreement": 0.9644685018151444
    },
    "17": {
      "mean": 0.2553372026949006,
      "std": 0.019216663470001342,
      "per_seed": [
        0.24021591682280496,
        0.22730344645030962,
        0.2770830498229537,
        0.27487884387777184,
        0.23820309575990556,
        0.2758277902390797,
        0.25384827589147874
      ],
      "seed_agreement": 0.9640526198578604
    },
    "18": {
      "mean": 0.2443363130386038,
      "std": 0.022419445974034963,
      "per_seed": [
        0.2777394518132707,
        0.23583374147158265,
        0.2813260431381352,
        0.22766491445377823,
        0.2281289202237406,
        0.2292524086120443,
        0.2304087115576749
      ],
      "seed_agreement": 0.9618895426085688
    }
  },
  "partial_corr": {
    "mean": 0.2553372026949006,
    "std": 0.019216663470001342,
    "per_seed": [
      0.24021591682280496,
      0.22730344645030962,
      0.2770830498229537,
      0.27487884387777184,
      0.23820309575990556,
      0.2758277902390797,
      0.25384827589147874
    ],
    "n_seeds": 7,
    "split": "validation (held-out seeds)"
  },
  "test_split_comparison": {
    "mean": 0.24360003622598816,
    "per_seed": [
      0.23650065306664814,
      0.22140631216927556,
      0.2728931434420408
    ]
  },
  "seed_agreement": {
    "mean": 0.9640526198578604
  },
  "output_controlled": {
    "mean": 0.13692836875228157,
    "per_seed": [
      0.1352189819075448,
      0.12290376628808065,
      0.15266235806121928
    ]
  },
  "baselines": {
    "ff_goodness": 0.00026489898578974677,
    "active_ratio": 0.010548244985715242,
    "act_entropy": -0.01530638586730639,
    "activation_norm": 0.0022530282046128503,
    "random_head": -0.012502531186228207
  },
  "cross_domain": {
    "wikitext": 0.24820080436535608,
    "c4": 0.19110117972719978,
    "c4_within": -0.028820376236959933
  },
  "control_sensitivity": {
    "none": 0.6498187463472477,
    "softmax_only": 0.23560209214064287,
    "norm_only": 0.645784363624841,
    "standard": 0.24021591682280496,
    "plus_entropy": 0.102666461981986,
    "nonlinear": 0.25922203003404537
  },
  "flagging_6a": {
    "n_tokens": 193347,
    "summary": {
      "0.05": {
        "observer_exclusive": 5857.333333333333
      },
      "0.1": {
        "observer_exclusive": 9503.333333333334
      },
      "0.2": {
        "observer_exclusive": 12587.0
      },
      "0.3": {
        "observer_exclusive": 12295.333333333334
      }
    }
  }
}