{
  "model": "Qwen/Qwen2.5-1.5B-Instruct",
  "n_params_b": 1.54,
  "n_layers": 28,
  "hidden_dim": 1536,
  "protocol": {
    "layer_select_seed": 42,
    "eval_seeds": [
      43,
      44,
      45,
      46,
      47,
      48,
      49
    ],
    "target_ex_per_dim": 350,
    "batch_size": 8
  },
  "peak_layer_final": 18,
  "peak_layer_frac": 0.64,
  "layer_profile": {
    "0": 0.20676594569133308,
    "1": 0.14251463640626633,
    "2": 0.15762810432223576,
    "3": 0.1568872928437796,
    "4": 0.15984833759930217,
    "5": 0.1618578397907522,
    "6": 0.17165119515209337,
    "7": 0.1738608794112642,
    "8": 0.1808310673701483,
    "9": 0.2647826848081093,
    "10": 0.1878433028394178,
    "11": 0.1915130731067022,
    "12": 0.19640492213784308,
    "13": 0.19815146036025938,
    "14": 0.22359417883874047,
    "15": 0.20642434162238732,
    "16": 0.21134339038785302,
    "17": 0.21660685462128346,
    "18": 0.2230177412692064,
    "19": 0.22126399220450457,
    "20": 0.2169372326458044,
    "21": 0.27279553905347154,
    "22": 0.20151777301021415,
    "23": 0.18450340344694524,
    "24": 0.19419890251082442,
    "25": 0.18695261932638008,
    "26": 0.13958673809276298,
    "27": 0.16230153591955437
  },
  "multi_layer_eval": {
    "9": {
      "mean": 0.2368485626761879,
      "std": 0.045673375468156745,
      "per_seed": [
        0.2751219670854874,
        0.18316510967389793,
        0.1845135104423773,
        0.18514285620434545,
        0.26918112919756454,
        0.27918142753078645,
        0.2816339385988563
      ],
      "seed_agreement": 0.9556244768557146
    },
    "14": {
      "mean": 0.24183929025296422,
      "std": 0.03757188362895254,
      "per_seed": [
        0.2717469553234143,
        0.20227685947667648,
        0.2043672979987487,
        0.2466173860414265,
        0.20167544343802493,
        0.260986738201841,
        0.30520435129061746
      ],
      "seed_agreement": 0.9685631805751873
    },
    "18": {
      "mean": 0.26580238900722847,
      "std": 0.04690407479012426,
      "per_seed": [
        0.23639278654462673,
        0.31888695972435654,
        0.22159498394481392,
        0.319745282200846,
        0.22387535867215622,
        0.32035370224353554,
        0.2197676497202643
      ],
      "seed_agreement": 0.9600620372579455
    },
    "21": {
      "mean": 0.26063190656146995,
      "std": 0.05277729499042744,
      "per_seed": [
        0.3018821387396865,
        0.29904558322971375,
        0.20037152324860585,
        0.19902877664500462,
        0.3089374112032338,
        0.31477417325745977,
        0.2003837396065853
      ],
      "seed_agreement": 0.935423376232464
    }
  },
  "partial_corr": {
    "mean": 0.26580238900722847,
    "std": 0.04690407479012426,
    "per_seed": [
      0.23639278654462673,
      0.31888695972435654,
      0.22159498394481392,
      0.319745282200846,
      0.22387535867215622,
      0.32035370224353554,
      0.2197676497202643
    ],
    "n_seeds": 7,
    "split": "validation (held-out seeds)"
  },
  "test_split_comparison": {
    "mean": 0.25793995897466254,
    "per_seed": [
      0.23457654208174802,
      0.3196173083503637,
      0.21962602649187596
    ]
  },
  "seed_agreement": {
    "mean": 0.9600620372579455
  },
  "output_controlled": {
    "mean": 0.12836265374842348,
    "per_seed": [
      0.10816075647804124,
      0.18131221314529913,
      0.0956149916219301
    ]
  },
  "baselines": {
    "ff_goodness": 0.002761231599365929,
    "active_ratio": 0.01945667016066503,
    "act_entropy": -0.06941674288159543,
    "activation_norm": 0.0017290933413190515,
    "random_head": -0.066392779544687
  },
  "cross_domain": {
    "wikitext": 0.25895824340459905,
    "c4": 0.19863568787471095,
    "c4_within": 0.04223209001449766
  },
  "control_sensitivity": {
    "none": 0.6193522869327106,
    "softmax_only": 0.23018157394744673,
    "norm_only": 0.6176755837994785,
    "standard": 0.23639278654462673,
    "plus_entropy": 0.057949084880390106,
    "nonlinear": 0.2538429389004559
  },
  "flagging_6a": {
    "n_tokens": 193347,
    "summary": {
      "0.05": {
        "observer_exclusive": 5692.0
      },
      "0.1": {
        "observer_exclusive": 9045.333333333334
      },
      "0.2": {
        "observer_exclusive": 12151.333333333334
      },
      "0.3": {
        "observer_exclusive": 13052.333333333334
      }
    }
  }
}