{
  "model": "Qwen/Qwen2.5-0.5B-Instruct",
  "n_layers": 24,
  "hidden_dim": 896,
  "protocol": {
    "layer_select_seed": 42,
    "eval_seeds": [
      43,
      44,
      45,
      46,
      47,
      48,
      49
    ],
    "eval_split": "validation (held-out seeds)",
    "target_ex_per_dim": 1000
  },
  "layer_profile": {
    "0": 0.2142936612844123,
    "1": 0.22717612921912145,
    "2": 0.1814961823891296,
    "3": 0.17718494527649037,
    "4": 0.18909371712403494,
    "5": 0.19219306376963677,
    "6": 0.2043740567885325,
    "7": 0.2185028305799343,
    "8": 0.21990001510215884,
    "9": 0.23444879846008215,
    "10": 0.2356795687173147,
    "11": 0.23645250779873817,
    "12": 0.24781333455261312,
    "13": 0.2533560261842745,
    "14": 0.2544033757154348,
    "15": 0.2549877377573067,
    "16": 0.2596117800947861,
    "17": 0.26565386319566336,
    "18": 0.2667155730785533,
    "19": 0.27129820841708974,
    "20": 0.2720862015729346,
    "21": 0.24175738073316702,
    "22": 0.2906026706193159,
    "23": 0.16387936663741987
  },
  "peak_layer_sweep": 19,
  "multi_layer_eval": {
    "18": {
      "mean": 0.3254718652856269,
      "std": 0.018394803919784243,
      "per_seed": [
        0.31002479594219773,
        0.32783508204044143,
        0.33646927317243136,
        0.2885259318626785,
        0.34363565982703626,
        0.3291694058295409,
        0.34264290832506156
      ],
      "seed_agreement": 0.9753035882408815
    },
    "19": {
      "mean": 0.3287590946415424,
      "std": 0.018168110798783377,
      "per_seed": [
        0.3093713034423584,
        0.3316106136257996,
        0.33938059056094666,
        0.29426123815039246,
        0.3461339853962687,
        0.33496899889723464,
        0.34558693241779614
      ],
      "seed_agreement": 0.9715922384878346
    }
  },
  "best_layer": 19,
  "partial_corr": {
    "mean": 0.3287590946415424,
    "std": 0.018168110798783377,
    "per_seed": [
      0.3093713034423584,
      0.3316106136257996,
      0.33938059056094666,
      0.29426123815039246,
      0.3461339853962687,
      0.33496899889723464,
      0.34558693241779614
    ],
    "seed_agreement": 0.9715922384878346
  },
  "base_comparison": {
    "note": "Compare to qwen05b_v2_results.json for RLHF effect"
  }
}