{
  "model": "Qwen/Qwen2.5-3B",
  "n_layers": 36,
  "hidden_dim": 2048,
  "protocol": {
    "layer_select_seed": 42,
    "eval_seeds": [
      43,
      44,
      45,
      46,
      47,
      48,
      49
    ],
    "target_ex_per_dim": 350,
    "batch_size": 8
  },
  "peak_layer_final": 26,
  "peak_layer_frac": 0.72,
  "layer_profile": {
    "0": 0.18419800249837387,
    "1": 0.13355713528011767,
    "2": 0.20565599073148266,
    "3": 0.2196637055883694,
    "4": 0.2236987095027111,
    "5": 0.22521316323714494,
    "6": 0.22531134948657383,
    "7": 0.22835585266469738,
    "8": 0.2260534141631424,
    "9": 0.2270329099693665,
    "10": 0.2298944101515208,
    "11": 0.23534876965142798,
    "12": 0.24241171157912494,
    "13": 0.2459004621165098,
    "14": 0.2521625062658088,
    "15": 0.25763386340779026,
    "16": 0.2606084205436268,
    "17": 0.2666009748592209,
    "18": 0.2720883947095988,
    "19": 0.27318191674103265,
    "20": 0.27563225056480395,
    "21": 0.27444170321278005,
    "22": 0.2823702377652887,
    "23": 0.28797221277873103,
    "24": 0.2899787341314967,
    "25": 0.29439606376682315,
    "26": 0.29437578498513806,
    "27": 0.287888115197011,
    "28": 0.28232098549209045,
    "29": 0.28171754435163887,
    "30": 0.2618698998227671,
    "31": 0.24658476067630214,
    "32": 0.22923452849391954,
    "33": 0.22410752401423648,
    "34": 0.2271957561102887,
    "35": 0.18717912770428718
  },
  "multi_layer_eval": {
    "23": {
      "mean": 0.23723571084886758,
      "std": 0.016031330795925156,
      "per_seed": [
        0.2211562063449284,
        0.22921214180452165,
        0.268470836608966,
        0.223014470884677,
        0.22917225400259383,
        0.25250616862498887,
        0.2371178976713974
      ],
      "seed_agreement": 0.9393172093413293
    },
    "24": {
      "mean": 0.23800289839099603,
      "std": 0.020346099689124906,
      "per_seed": [
        0.22227338916106013,
        0.22087528418421323,
        0.25681080500834336,
        0.22466511605147282,
        0.22485159176645364,
        0.2786522623463398,
        0.23789184021908927
      ],
      "seed_agreement": 0.9267126075126775
    },
    "25": {
      "mean": 0.24205211848644675,
      "std": 0.017535386822608,
      "per_seed": [
        0.2286614648539012,
        0.22335448326589669,
        0.2753623048000139,
        0.2563616022952071,
        0.2245614264221636,
        0.24385146046455974,
        0.242212087303385
      ],
      "seed_agreement": 0.9326841091296371
    },
    "26": {
      "mean": 0.24754494526675616,
      "std": 0.0267892757831591,
      "per_seed": [
        0.22788250149920863,
        0.22280933341559186,
        0.2889774370928029,
        0.22516889630816048,
        0.28858752247389574,
        0.23946790377465418,
        0.23992102230297924
      ],
      "seed_agreement": 0.913468892030549
    }
  },
  "partial_corr": {
    "mean": 0.24754494526675616,
    "std": 0.0267892757831591,
    "per_seed": [
      0.22788250149920863,
      0.22280933341559186,
      0.2889774370928029,
      0.22516889630816048,
      0.28858752247389574,
      0.23946790377465418,
      0.23992102230297924
    ],
    "n_seeds": 7,
    "split": "validation (held-out seeds)"
  },
  "test_split_comparison": {
    "mean": 0.24491942739305403,
    "per_seed": [
      0.22404843077274705,
      0.22299008898326209,
      0.28771976242315284
    ]
  },
  "seed_agreement": {
    "mean": 0.913468892030549
  },
  "output_controlled": {
    "mean": 0.1296749024102416,
    "per_seed": [
      0.11144570774345586,
      0.11234806427704715,
      0.16523093521022178
    ]
  },
  "baselines": {
    "ff_goodness": -0.005428425613125558,
    "active_ratio": 0.018021061323999304,
    "act_entropy": -0.007202703524765541,
    "activation_norm": -0.037872084146722454,
    "random_head": 0.03224846295624678
  },
  "cross_domain": {
    "wikitext": 0.24655642400253444,
    "c4": 0.19027558554748347,
    "c4_within": -0.0202311799331565
  },
  "flagging_6a": {
    "n_tokens": 193347,
    "summary": {
      "0.05": {
        "observer_exclusive": 5609.0
      },
      "0.1": {
        "observer_exclusive": 9252.666666666666
      },
      "0.2": {
        "observer_exclusive": 12331.666666666666
      },
      "0.3": {
        "observer_exclusive": 12869.333333333334
      }
    }
  },
  "provenance": {
    "model_revision": "3aab1f19",
    "script": "notebooks/",
    "timestamp": "2026-04-12T13:04:08-05:00",
    "git_commit": "ec37caa2e8b8",
    "backfilled": true
  }
}
