{
  "model": "Qwen/Qwen2.5-3B-Instruct",
  "n_params_b": 3.09,
  "n_layers": 36,
  "hidden_dim": 2048,
  "protocol": {
    "layer_select_seed": 42,
    "eval_seeds": [
      43,
      44,
      45,
      46,
      47,
      48,
      49
    ],
    "target_ex_per_dim": 350,
    "batch_size": 8
  },
  "peak_layer_final": 25,
  "peak_layer_frac": 0.69,
  "layer_profile": {
    "0": 0.18894067871658835,
    "1": 0.16694511452128533,
    "2": 0.2130577079031079,
    "3": 0.23063179627822847,
    "4": 0.23439747113334403,
    "5": 0.23706815402063397,
    "6": 0.23672168794613038,
    "7": 0.2400339783654969,
    "8": 0.2371497647214347,
    "9": 0.23816834831371678,
    "10": 0.23942288851771068,
    "11": 0.24563885465852636,
    "12": 0.25220076884324016,
    "13": 0.25746587287676154,
    "14": 0.2617536977330377,
    "15": 0.26794504044484496,
    "16": 0.26991302502618086,
    "17": 0.2758738513229749,
    "18": 0.28123908102259604,
    "19": 0.2825719616293595,
    "20": 0.2846993608274858,
    "21": 0.2844961238642808,
    "22": 0.2914624877699674,
    "23": 0.2970386589178466,
    "24": 0.30013530931437177,
    "25": 0.30612618763801286,
    "26": 0.3066608313309898,
    "27": 0.29938501599655837,
    "28": 0.2939669752554649,
    "29": 0.29488202834884114,
    "30": 0.27170935414185876,
    "31": 0.255106701082743,
    "32": 0.23712200075898782,
    "33": 0.22743543279641917,
    "34": 0.23691135166053562,
    "35": 0.23064110604983515
  },
  "multi_layer_eval": {
    "24": {
      "mean": 0.2523458856861667,
      "std": 0.03326354376731928,
      "per_seed": [
        0.22127614844543284,
        0.22122257164521247,
        0.29714332761572476,
        0.22405849894945032,
        0.27848437451139746,
        0.29475288021354695,
        0.22948339842240217
      ],
      "seed_agreement": 0.9163958649341483
    },
    "25": {
      "mean": 0.2648862265061682,
      "std": 0.028151479674551564,
      "per_seed": [
        0.2275345883861088,
        0.22488967330317394,
        0.290243168371903,
        0.2833800728613709,
        0.2759328770507747,
        0.30054137999889885,
        0.25168182557094715
      ],
      "seed_agreement": 0.9248927394098383
    },
    "26": {
      "mean": 0.250803453844008,
      "std": 0.025606617782355224,
      "per_seed": [
        0.22798594111426532,
        0.22613668212024615,
        0.26221624908652036,
        0.23705792804331166,
        0.2744521471912321,
        0.2973537244302411,
        0.23042150492223937
      ],
      "seed_agreement": 0.9213241469519925
    },
    "27": {
      "mean": 0.2393735538029949,
      "std": 0.02248364592668095,
      "per_seed": [
        0.21937715656981024,
        0.21929850569635484,
        0.2477932235163823,
        0.22236432898409852,
        0.2792507315305816,
        0.26308857618203074,
        0.22444235414170619
      ],
      "seed_agreement": 0.914193797826592
    }
  },
  "partial_corr": {
    "mean": 0.2648862265061682,
    "std": 0.028151479674551564,
    "per_seed": [
      0.2275345883861088,
      0.22488967330317394,
      0.290243168371903,
      0.2833800728613709,
      0.2759328770507747,
      0.30054137999889885,
      0.25168182557094715
    ],
    "n_seeds": 7,
    "split": "validation (held-out seeds)"
  },
  "test_split_comparison": {
    "mean": 0.24332492627647628,
    "per_seed": [
      0.22156315217333464,
      0.22088001845747535,
      0.28753160819861895
    ]
  },
  "seed_agreement": {
    "mean": 0.9248927394098383
  },
  "output_controlled": {
    "mean": 0.13009214573998754,
    "per_seed": [
      0.1139030515581971,
      0.1109437538881487,
      0.16542963177361683
    ]
  },
  "baselines": {
    "ff_goodness": -7.720658107037177e-05,
    "active_ratio": 0.006159428020447817,
    "act_entropy": -0.050763841584805305,
    "activation_norm": -0.011421771219684983,
    "random_head": 0.026837399359083677
  },
  "cross_domain": {
    "wikitext": 0.24755581002039526,
    "c4": 0.19842789897543187,
    "c4_within": 0.2316966542708481
  },
  "control_sensitivity": {
    "none": 0.6049695555609446,
    "softmax_only": 0.2242026964365764,
    "norm_only": 0.6024913268744323,
    "standard": 0.2275345883861088,
    "plus_entropy": 0.08487157070062294,
    "nonlinear": 0.24892744941002515
  },
  "flagging_6a": {
    "n_tokens": 193347,
    "summary": {
      "0.05": {
        "observer_exclusive": 5541.666666666667
      },
      "0.1": {
        "observer_exclusive": 9047.333333333334
      },
      "0.2": {
        "observer_exclusive": 12255.333333333334
      },
      "0.3": {
        "observer_exclusive": 13492.333333333334
      }
    }
  }
}