{
  "model": "Qwen/Qwen2.5-0.5B",
  "hidden_dim": 896,
  "n_layers": 24,
  "ex_dim_sweep": {
    "150": {
      "layer_profile": {
        "0": 0.13101801900156504,
        "1": 0.13881169233615745,
        "2": 0.04357308151305781,
        "3": 0.03495353941913283,
        "4": 0.048423845688978576,
        "5": 0.04872411299412853,
        "6": 0.05878959004790672,
        "7": 0.05905562238762283,
        "8": 0.05923436253157111,
        "9": 0.05243117131660796,
        "10": 0.055616841284004744,
        "11": 0.05112624758111069,
        "12": 0.05634658077524115,
        "13": 0.05571463762859532,
        "14": 0.05705521452420618,
        "15": 0.04928001742290493,
        "16": 0.05029913473654564,
        "17": 0.05667693871285692,
        "18": 0.054369745584844635,
        "19": 0.0586525709718837,
        "20": 0.05124013946560731,
        "21": 0.09099541151961327,
        "22": 0.13406879001977612,
        "23": 0.14126114075578616
      },
      "peak_layer": 23,
      "peak_value": 0.14126114075578616,
      "random_head": -0.010968268147800712,
      "multi_seed": {
        "mean": 0.14800919164309748,
        "std": 0.005134748102350056,
        "per_seed": [
          0.14744354229749115,
          0.1527366368662291,
          0.15135143125196895,
          0.14290843367954673,
          0.15112146757871484,
          0.13818722546565673,
          0.15231560436207472
        ],
        "n_seeds": 7
      }
    },
    "250": {
      "layer_profile": {
        "0": 0.14443200028275527,
        "1": 0.15074209934461133,
        "2": 0.14078422054959228,
        "3": 0.13745385194878584,
        "4": 0.144703427103203,
        "5": 0.1449057039765562,
        "6": 0.15914190884014154,
        "7": 0.16093094192209204,
        "8": 0.16260300084660867,
        "9": 0.15883451702874363,
        "10": 0.15877365373672628,
        "11": 0.15927424454880315,
        "12": 0.15517683963197315,
        "13": 0.15832712756478978,
        "14": 0.1622050336660145,
        "15": 0.1636955003603115,
        "16": 0.16765291556011103,
        "17": 0.17287511542089556,
        "18": 0.16907014412847485,
        "19": 0.17964816769197905,
        "20": 0.17243014235150658,
        "21": 0.14794826719070442,
        "22": 0.15462273484107752,
        "23": 0.15975393674376204
      },
      "peak_layer": 19,
      "peak_value": 0.17964816769197905,
      "random_head": -0.05469764224999479,
      "multi_seed": {
        "mean": 0.14547409578526446,
        "std": 0.024549255016083096,
        "per_seed": [
          0.12005088079371462,
          0.16835995983177662,
          0.1709345772778348,
          0.17170471172241344,
          0.15143722422140846,
          0.10903355165722728,
          0.12679776499247594
        ],
        "n_seeds": 7
      }
    },
    "350": {
      "layer_profile": {
        "0": 0.1458770081532783,
        "1": 0.15359298452814316,
        "2": 0.09000569558300708,
        "3": 0.10327330466435687,
        "4": 0.11130023777161391,
        "5": 0.11547832726625212,
        "6": 0.12907589307346437,
        "7": 0.13005954781108317,
        "8": 0.1333636035631826,
        "9": 0.12989782030662492,
        "10": 0.1336090102584209,
        "11": 0.1323655302169051,
        "12": 0.13019628339958747,
        "13": 0.1336193462307361,
        "14": 0.1383023310184116,
        "15": 0.13181341640628066,
        "16": 0.126332020205417,
        "17": 0.12854633061352766,
        "18": 0.12108904063526385,
        "19": 0.12918711667512678,
        "20": 0.11845824783824109,
        "21": 0.1494999890265808,
        "22": 0.15307861860652577,
        "23": 0.15290171160464938
      },
      "peak_layer": 1,
      "peak_value": 0.15359298452814316,
      "random_head": -0.039915917187723325,
      "multi_seed": {
        "mean": 0.15311402518916234,
        "std": 0.0008723348455409426,
        "per_seed": [
          0.15301062172885335,
          0.15308561525756545,
          0.1523000618570901,
          0.15439930943919722,
          0.15397392481006425,
          0.15339240736318624,
          0.15163623586817981
        ],
        "n_seeds": 7
      }
    },
    "450": {
      "layer_profile": {
        "0": 0.14506596757031429,
        "1": 0.15304954255276693,
        "2": 0.1436216784019124,
        "3": 0.1420050509306028,
        "4": 0.1499801129871442,
        "5": 0.150758889285831,
        "6": 0.16185695923400734,
        "7": 0.1636675519948451,
        "8": 0.16741276795699728,
        "9": 0.1631884594062102,
        "10": 0.16458220005852303,
        "11": 0.16642887276210055,
        "12": 0.16553187215689363,
        "13": 0.17031683959461935,
        "14": 0.1723771832932341,
        "15": 0.1701766752571712,
        "16": 0.16997958862621398,
        "17": 0.1711989035685494,
        "18": 0.16895211541768312,
        "19": 0.17503858023532723,
        "20": 0.1691790511546678,
        "21": 0.15023388483774192,
        "22": 0.15769066952187083,
        "23": 0.1655645948983716
      },
      "peak_layer": 19,
      "peak_value": 0.17503858023532723,
      "random_head": -0.05469764224999479,
      "multi_seed": {
        "mean": 0.14635669218967787,
        "std": 0.01920213065418957,
        "per_seed": [
          0.12109993038843123,
          0.14004461072266428,
          0.11777759498573767,
          0.15268843673683155,
          0.1569484271651524,
          0.16817953428443488,
          0.16775831104449296
        ],
        "n_seeds": 7
      }
    },
    "800": {
      "layer_profile": {
        "0": 0.1505194043828526,
        "1": 0.1594196363629128,
        "2": 0.1563456836727724,
        "3": 0.12640273337086033,
        "4": 0.1361364433242943,
        "5": 0.13372076495472462,
        "6": 0.14577117307763676,
        "7": 0.14942229670006563,
        "8": 0.1510470379510184,
        "9": 0.15056079672966655,
        "10": 0.14559536843922163,
        "11": 0.14417158659093596,
        "12": 0.1457611838011394,
        "13": 0.14984591315901516,
        "14": 0.15314829174234754,
        "15": 0.163557419101062,
        "16": 0.18443384882051841,
        "17": 0.19234253868495602,
        "18": 0.18379614846223846,
        "19": 0.1991565162872839,
        "20": 0.17393795535080703,
        "21": 0.1960780168434529,
        "22": 0.16627831222638337,
        "23": 0.16596640029112988
      },
      "peak_layer": 19,
      "peak_value": 0.1991565162872839,
      "random_head": -0.05469764224999479,
      "multi_seed": {
        "mean": 0.23199485174498752,
        "std": 0.01708939475251516,
        "per_seed": [
          0.24636796629982843,
          0.23207673824580483,
          0.22341427498784794,
          0.24552510325780955,
          0.24494787038613847,
          0.23690811054329117,
          0.19472389849419242
        ],
        "n_seeds": 7
      }
    }
  },
  "note": "ex/dim sensitivity figure. 600 and 1000 ex/dim in separate files. 800 fills the gap to check plateau."
}