{
  "model": "Qwen/Qwen2.5-14B-Instruct",
  "n_params_b": 14.8,
  "n_layers": 48,
  "hidden_dim": 5120,
  "peak_layer": 29,
  "peak_layer_source": "validation",
  "peak_layer_frac": 0.6,
  "layer_profile_split": "validation",
  "layer_profile": {
    "0": 0.1388570652449648,
    "8": 0.23201402781442743,
    "16": 0.1745256671583964,
    "17": 0.25808706677166693,
    "18": 0.25811059891819754,
    "19": 0.2621839018109322,
    "20": 0.18215705877550142,
    "21": 0.2646005945886128,
    "22": 0.26585313705438934,
    "23": 0.2641017760446217,
    "24": 0.2664347744914893,
    "25": 0.2729111952670818,
    "26": 0.2718658842969052,
    "27": 0.28321745073015075,
    "28": 0.28323766424199526,
    "29": 0.2847489515308565,
    "30": 0.1979318467008241,
    "31": 0.19616535591954049,
    "32": 0.27889929729833374,
    "33": 0.27220226227954764,
    "34": 0.26544167148978076,
    "35": 0.26099681255792345,
    "36": 0.2492219386148033,
    "37": 0.1621265985285599,
    "38": 0.22896045604523937,
    "39": 0.221199530458359,
    "40": 0.20831606411955886,
    "44": 0.20281895633113,
    "47": 0.15706117849713705
  },
  "val_partial_corr_at_peak": 0.2847489515308565,
  "token_budget": {
    "target_ex_per_dim": 350,
    "train_tokens": 1792174,
    "test_tokens": 224290,
    "train_ex_per_dim": 350.0,
    "test_ex_per_dim": 43.8,
    "train_docs_loaded": 12000
  },
  "partial_corr": {
    "mean": 0.2367622092757276,
    "std": 0.044628736602787794,
    "per_seed": [
      0.27931431362621345,
      0.18316642216942128,
      0.1948358226858671,
      0.17907851896843277,
      0.2788364491837389,
      0.265961193808652,
      0.2761427444877679
    ],
    "n_seeds": 7,
    "split": "test"
  },
  "seed_agreement": {
    "mean": 0.8664602807668297,
    "pairwise": [
      0.8354710389086393,
      0.8539888576660514,
      0.8420530448406475,
      0.9011570065420769,
      0.8982649375842774,
      0.8937341568291015,
      0.8889050907457451,
      0.8927420815258154,
      0.8381936703158044,
      0.8609469773300163,
      0.833879093868258,
      0.889665285914671,
      0.8453369172478203,
      0.8649200329067293,
      0.8450398548723143,
      0.8394223744477205,
      0.8557659452686002,
      0.8319059019454114,
      0.8949549712618,
      0.9019667215434382,
      0.8873519345384856
    ]
  },
  "output_controlled": {
    "mean": 0.09917141669535305,
    "per_seed": [
      0.14595714596782652,
      0.06761323056764482,
      0.08394387355058779
    ]
  },
  "baselines": {
    "ff_goodness": -0.0016545952359796733,
    "active_ratio": 0.014819284377899833,
    "act_entropy": -0.047331975065740294,
    "activation_norm": 0.00811065642761871,
    "random_head": 0.02692147386159948
  },
  "cross_domain": {
    "wikitext": 0.21910551949383394,
    "c4": 0.1798503459352052,
    "c4_within": 0.1979197434867869
  },
  "control_sensitivity": {
    "none": 0.6855845948821466,
    "softmax_only": 0.27513341808516173,
    "norm_only": 0.6873332395186164,
    "standard": 0.27931431362621345,
    "plus_entropy": 0.13608514457926504,
    "nonlinear": 0.255969105807587
  },
  "flagging_6a": {
    "seeds": [
      42,
      43,
      44
    ],
    "n_test_tokens": 224290,
    "median_loss": 0.9296875,
    "peak_layer": 29,
    "output_layer": 47,
    "per_seed": [
      {
        "observer": {
          "0.05": 0.9555020510076689,
          "0.1": 0.9211288956261983,
          "0.2": 0.8680279994649783,
          "0.3": 0.8237400983845319
        },
        "confidence": {
          "0.05": 1.0,
          "0.1": 1.0,
          "0.2": 1.0,
          "0.3": 1.0
        },
        "exclusive": {
          "0.05": {
            "observer_only": 7420,
            "confidence_only": 8080,
            "combined_precision": 0.9741370374209599
          },
          "0.1": {
            "observer_only": 12057,
            "confidence_only": 13900,
            "combined_precision": 0.9513061190784222
          },
          "0.2": {
            "observer_only": 15904,
            "confidence_only": 21949,
            "combined_precision": 0.911386531351505
          },
          "0.3": {
            "observer_only": 15086,
            "confidence_only": 26951,
            "combined_precision": 0.8741484326916955
          }
        }
      },
      {
        "observer": {
          "0.05": 0.9307116104868914,
          "0.1": 0.900931829328102,
          "0.2": 0.8580632217218779,
          "0.3": 0.8142583262740203
        },
        "confidence": {
          "0.05": 1.0,
          "0.1": 1.0,
          "0.2": 1.0,
          "0.3": 1.0
        },
        "exclusive": {
          "0.05": {
            "observer_only": 6859,
            "confidence_only": 7797,
            "combined_precision": 0.9591289253590027
          },
          "0.1": {
            "observer_only": 11291,
            "confidence_only": 13587,
            "combined_precision": 0.9383051976899156
          },
          "0.2": {
            "observer_only": 15103,
            "confidence_only": 21595,
            "combined_precision": 0.9041879222909425
          },
          "0.3": {
            "observer_only": 13735,
            "confidence_only": 26238,
            "combined_precision": 0.8663672814755413
          }
        }
      },
      {
        "observer": {
          "0.05": 0.9356161940431603,
          "0.1": 0.904052788800214,
          "0.2": 0.8555218690088724,
          "0.3": 0.8109887496841887
        },
        "confidence": {
          "0.05": 1.0,
          "0.1": 1.0,
          "0.2": 1.0,
          "0.3": 1.0
        },
        "exclusive": {
          "0.05": {
            "observer_only": 6813,
            "confidence_only": 7696,
            "combined_precision": 0.9618191433104177
          },
          "0.1": {
            "observer_only": 11221,
            "confidence_only": 13447,
            "combined_precision": 0.9400156093209945
          },
          "0.2": {
            "observer_only": 14886,
            "confidence_only": 21492,
            "combined_precision": 0.9023210248681236
          },
          "0.3": {
            "observer_only": 13721,
            "confidence_only": 26444,
            "combined_precision": 0.8643138342704121
          }
        }
      }
    ],
    "summary": {
      "0.05": {
        "observer_precision": 0.9406099518459069,
        "confidence_precision": 1.0,
        "observer_exclusive": 7030.666666666667,
        "confidence_exclusive": 7857.666666666667
      },
      "0.1": {
        "observer_precision": 0.9087045045848381,
        "confidence_precision": 1.0,
        "observer_exclusive": 11523.0,
        "confidence_exclusive": 13644.666666666666
      },
      "0.2": {
        "observer_precision": 0.8605376967319095,
        "confidence_precision": 1.0,
        "observer_exclusive": 15297.666666666666,
        "confidence_exclusive": 21678.666666666668
      },
      "0.3": {
        "observer_precision": 0.8163290581142469,
        "confidence_precision": 1.0,
        "observer_exclusive": 14180.666666666666,
        "confidence_exclusive": 26544.333333333332
      }
    }
  },
  "base_comparison": {
    "note": "Compare peak_layer and partial_corr to qwen14b_v3_results.json for RLHF effect"
  },
  "protocol": {
    "layer_select_seed": 42,
    "eval_seeds": [
      43,
      44,
      45,
      46,
      47,
      48,
      49
    ],
    "target_ex_per_dim": 350,
    "batch_size": 8,
    "note": "protocol backfilled from script source"
  }
}