{
  "model": "Qwen/Qwen2.5-7B-Instruct",
  "probe_layers": [
    0,
    7,
    14
  ],
  "n_questions": 2000,
  "base_em_accuracy": 0.448,
  "output_baselines": {
    "confidence_mean": 0.281306521224304,
    "confidence_min": 0.28552532668569847,
    "entropy_mean": 0.2831494472740025,
    "margin_mean": 0.2782771722880665
  },
  "observer_results": {
    "0": {
      "mean": {
        "auacc_mean": 0.21454733856686273,
        "per_seed": [
          0.21450682600208548,
          0.2138873356884775,
          0.21524785401002525
        ]
      },
      "max": {
        "auacc_mean": 0.2459796520043426,
        "per_seed": [
          0.2460715834561038,
          0.24565780526233333,
          0.2462095672945907
        ]
      },
      "first": {
        "auacc_mean": 0.2288229107808831,
        "per_seed": [
          0.22835896839873251,
          0.22874869525684174,
          0.22936106868707506
        ]
      },
      "flag_frac": {
        "auacc_mean": 0.23565857012139926,
        "per_seed": [
          0.23575876250512495,
          0.23535819227856788,
          0.235858755580505
        ]
      },
      "combined": {
        "auacc": 0.3083922943551042,
        "best_agg": "max"
      }
    },
    "7": {
      "mean": {
        "auacc_mean": 0.21748218799031513,
        "per_seed": [
          0.218050522493073,
          0.21690199796548498,
          0.21749404351238738
        ]
      },
      "max": {
        "auacc_mean": 0.24781472108186528,
        "per_seed": [
          0.248685140629065,
          0.24786365784413408,
          0.24689536477239674
        ]
      },
      "first": {
        "auacc_mean": 0.2325952788618619,
        "per_seed": [
          0.23328725595654795,
          0.23298911812731493,
          0.23150946250172277
        ]
      },
      "flag_frac": {
        "auacc_mean": 0.24127252055578316,
        "per_seed": [
          0.24050021474483574,
          0.24269056592487342,
          0.24062678099764034
        ]
      },
      "combined": {
        "auacc": 0.29916537650398317,
        "best_agg": "max"
      }
    },
    "14": {
      "mean": {
        "auacc_mean": 0.24502464012953587,
        "per_seed": [
          0.24435765213029167,
          0.2420631914782846,
          0.24865307678003132
        ]
      },
      "max": {
        "auacc_mean": 0.26335669783074994,
        "per_seed": [
          0.2649964542917525,
          0.25617848740526783,
          0.26889515179522944
        ]
      },
      "first": {
        "auacc_mean": 0.23475597569784898,
        "per_seed": [
          0.23302618455460966,
          0.23494549895194267,
          0.23629624358699458
        ]
      },
      "flag_frac": {
        "auacc_mean": 0.2544240941233978,
        "per_seed": [
          0.257857158995975,
          0.2434465312057226,
          0.26196859216849566
        ]
      },
      "combined": {
        "auacc": 0.30915731159781024,
        "best_agg": "max"
      }
    }
  },
  "quadrant_analysis": {
    "n_confident": 1000,
    "n_wrong_confident": 312,
    "n_correct_confident": 688,
    "conf_median": 0.9209263392857143,
    "auroc_results": {
      "L0_mean": {
        "auroc": 0.4549,
        "p": 0.988888
      },
      "L0_max": {
        "auroc": 0.628,
        "p": 0.0
      },
      "L0_first": {
        "auroc": 0.4982,
        "p": 0.537233
      },
      "L0_flag_frac": {
        "auroc": 0.5988,
        "p": 0.0
      },
      "L7_mean": {
        "auroc": 0.4071,
        "p": 0.999999
      },
      "L7_max": {
        "auroc": 0.5709,
        "p": 0.000161
      },
      "L7_first": {
        "auroc": 0.4561,
        "p": 0.98701
      },
      "L7_flag_frac": {
        "auroc": 0.5513,
        "p": 0.000434
      },
      "L14_mean": {
        "auroc": 0.5206,
        "p": 0.147763
      },
      "L14_max": {
        "auroc": 0.6374,
        "p": 0.0
      },
      "L14_first": {
        "auroc": 0.5184,
        "p": 0.17535
      },
      "L14_flag_frac": {
        "auroc": 0.6016,
        "p": 0.0
      },
      "entropy_mean": {
        "auroc": 0.7042,
        "p": 0.0
      },
      "neg_confidence": {
        "auroc": 0.7166,
        "p": 0.0
      },
      "neg_margin": {
        "auroc": 0.7114,
        "p": 0.0
      }
    }
  }
}