{
  "model": "openai-community/gpt2",
  "layer": 11,
  "n_permutations": 10,
  "seed_base": 100,
  "real_pcorr": 0.29181554757519734,
  "shuffle_pcorrs": [
    0.046159627579216475,
    0.01849744202810688,
    0.039460382907389596,
    0.015324554202558547,
    -0.015558363784001078,
    0.005633821664808646,
    -0.006451465309571887,
    -0.0035245799959530205,
    0.01684320222180953,
    0.021112530770329187
  ],
  "shuffle_mean": 0.013749715228469286,
  "shuffle_std": 0.01852447782661532,
  "n_train_positions": 200000,
  "n_test_positions": 50000,
  "provenance": {
    "script": "scripts/shuffle_test.py",
    "device": "mps",
    "torch_version": "2.11.0"
  }
}