{
  "model": "openai-community/gpt2",
  "n_params_b": 0.12,
  "n_layers": 12,
  "hidden_dim": 768,
  "protocol": {
    "layer_select_seed": 42,
    "eval_seeds": [
      43,
      44
    ],
    "target_ex_per_dim": 10,
    "batch_size": 4,
    "layers_per_pass": 6
  },
  "peak_layer_final": 6,
  "peak_layer_frac": 0.5,
  "layer_profile": {
    "0": 0.213579083927486,
    "1": 0.21433530748199422,
    "2": 0.21027305739124663,
    "3": 0.20595448688216592,
    "4": 0.21803983562955695,
    "5": 0.228395704678202,
    "6": 0.23775169691201853,
    "7": 0.23670520214270735,
    "8": 0.23644484657148185,
    "9": 0.21324963620614035,
    "10": 0.187180712527597,
    "11": 0.14535671210274864
  },
  "multi_layer_eval": {
    "5": {
      "mean": 0.24357725398065067,
      "std": 0.0062425124717934155,
      "per_seed": [
        0.23733474150885725,
        0.24981976645244408
      ],
      "seed_agreement": 0.6715774042849072
    },
    "6": {
      "mean": 0.24683777922796332,
      "std": 0.008523719623395626,
      "per_seed": [
        0.2383140596045677,
        0.25536149885135895
      ],
      "seed_agreement": 0.6441938936728515
    },
    "7": {
      "mean": 0.24393488214489895,
      "std": 0.005554328131462671,
      "per_seed": [
        0.23838055401343627,
        0.24948921027636162
      ],
      "seed_agreement": 0.6176490159171786
    },
    "8": {
      "mean": 0.2376622126671093,
      "std": 0.010713540845747993,
      "per_seed": [
        0.2269486718213613,
        0.2483757535128573
      ],
      "seed_agreement": 0.5723408514946373
    }
  },
  "partial_corr": {
    "mean": 0.24683777922796332,
    "std": 0.008523719623395626,
    "per_seed": [
      0.2383140596045677,
      0.25536149885135895
    ],
    "n_seeds": 2,
    "split": "validation (held-out seeds)"
  },
  "test_split_comparison": {
    "mean": 0.2433269521993631,
    "per_seed": [
      0.23850198693214292,
      0.24815191746658327
    ]
  },
  "seed_agreement": {
    "mean": 0.6441938936728515
  },
  "output_controlled": {
    "mean": 0.13623858369677105,
    "per_seed": [
      0.12612538558119382,
      0.14635178181234829
    ]
  },
  "baselines": {
    "ff_goodness": 0.0011937755301001628,
    "active_ratio": -0.0068471775730263185,
    "act_entropy": -0.005008704264021727,
    "activation_norm": 0.0016961941249462036,
    "random_head": -0.0633658670885239
  },
  "cross_domain": {
    "wikitext": 0.24683777922796332
  },
  "control_sensitivity": {
    "none": 0.32195061096865746,
    "softmax_only": 0.23756974168555953,
    "norm_only": 0.3167734632425101,
    "standard": 0.2383140596045677,
    "plus_entropy": 0.1905102543395456,
    "nonlinear": 0.2549103250901907
  },
  "flagging_6a": {
    "n_tokens": 7680,
    "summary": {
      "0.05": {
        "observer_exclusive": 298.5
      },
      "0.1": {
        "observer_exclusive": 484.0
      },
      "0.2": {
        "observer_exclusive": 667.0
      },
      "0.3": {
        "observer_exclusive": 680.5
      }
    }
  }
}