{
  "5a": {
    "layer": 11,
    "partial_corrs": [
      0.28373881622468533,
      0.28174266712869755,
      0.28195566112140746
    ],
    "seed_agreement": [
      0.9893661700048729,
      0.9901596655454699,
      0.993756152390181
    ],
    "mean_partial_corr": 0.28247904815826347,
    "mean_seed_agreement": 0.9910939959801747
  },
  "5e": {
    "standard": {
      "mean": 0.2896393730913998,
      "per_seed": [
        0.29428733645837063,
        0.28744961972859884,
        0.28718116308722996
      ]
    },
    "output_controlled": {
      "mean": 0.09909691633416744,
      "per_seed": [
        0.11100302826172592,
        0.09275364403631886,
        0.09353407670445751
      ]
    }
  },
  "6a": {
    "seeds": [
      42,
      43,
      44
    ],
    "n_test_tokens": 84650,
    "median_loss": 2.9336931705474854,
    "per_seed": [
      {
        "flag_rates": [
          0.05,
          0.1,
          0.2,
          0.3
        ],
        "observer": {
          "0.05": 0.9260396975425331,
          "0.1": 0.8672179562906084,
          "0.2": 0.8139988186650916,
          "0.3": 0.7670407560543414
        },
        "confidence": {
          "0.05": 1.0,
          "0.1": 0.9678714859437751,
          "0.2": 0.8791565766936389,
          "0.3": 0.8157977634273114
        },
        "exclusive": {
          "0.05": {
            "observer_only": 2790,
            "confidence_only": 3104,
            "combined_precision": 0.9573336968375137
          },
          "0.1": {
            "observer_only": 4362,
            "confidence_only": 5215,
            "combined_precision": 0.9029845379359942
          },
          "0.2": {
            "observer_only": 6062,
            "confidence_only": 7166,
            "combined_precision": 0.8221925658437022
          },
          "0.3": {
            "observer_only": 6724,
            "confidence_only": 7963,
            "combined_precision": 0.7583176743671936
          }
        }
      },
      {
        "flag_rates": [
          0.05,
          0.1,
          0.2,
          0.3
        ],
        "observer": {
          "0.05": 0.900679315999063,
          "0.1": 0.8660366213821619,
          "0.2": 0.8041346721795629,
          "0.3": 0.7573144319747982
        },
        "confidence": {
          "0.05": 1.0,
          "0.1": 0.9678714859437751,
          "0.2": 0.8791565766936389,
          "0.3": 0.8157977634273114
        },
        "exclusive": {
          "0.05": {
            "observer_only": 2835,
            "confidence_only": 3223,
            "combined_precision": 0.9434063000533903
          },
          "0.1": {
            "observer_only": 4417,
            "confidence_only": 5280,
            "combined_precision": 0.9029140115987685
          },
          "0.2": {
            "observer_only": 6128,
            "confidence_only": 7399,
            "combined_precision": 0.8177855613932672
          },
          "0.3": {
            "observer_only": 6809,
            "confidence_only": 8295,
            "combined_precision": 0.7541643835616438
          }
        }
      },
      {
        "flag_rates": [
          0.05,
          0.1,
          0.2,
          0.3
        ],
        "observer": {
          "0.05": 0.9194234404536862,
          "0.1": 0.8737152982870644,
          "0.2": 0.8054341405788541,
          "0.3": 0.7592833234888757
        },
        "confidence": {
          "0.05": 1.0,
          "0.1": 0.9678714859437751,
          "0.2": 0.8791565766936389,
          "0.3": 0.8157977634273114
        },
        "exclusive": {
          "0.05": {
            "observer_only": 2768,
            "confidence_only": 3110,
            "combined_precision": 0.9535548896758377
          },
          "0.1": {
            "observer_only": 4326,
            "confidence_only": 5124,
            "combined_precision": 0.9065894279507604
          },
          "0.2": {
            "observer_only": 6033,
            "confidence_only": 7282,
            "combined_precision": 0.8181320400500626
          },
          "0.3": {
            "observer_only": 6686,
            "confidence_only": 8122,
            "combined_precision": 0.7545985240665272
          }
        }
      }
    ]
  },
  "5b": {
    "0": {
      "mean": 0.19236711746078008,
      "std": 0.002918765321206095,
      "per_seed": [
        0.19332211918768932,
        0.1953673695035299,
        0.18841186369112106
      ]
    },
    "1": {
      "mean": 0.19926553940628655,
      "std": 0.0024781313226397645,
      "per_seed": [
        0.19946793720381018,
        0.20219435348225617,
        0.19613432753279336
      ]
    },
    "2": {
      "mean": 0.21009935454283438,
      "std": 0.004388425772238767,
      "per_seed": [
        0.21321427780780058,
        0.21319058745051023,
        0.20389319837019237
      ]
    },
    "3": {
      "mean": 0.2194134918284514,
      "std": 0.005191910011596193,
      "per_seed": [
        0.22319395539943682,
        0.2229744035692391,
        0.21207211651667834
      ]
    },
    "4": {
      "mean": 0.22672865152659397,
      "std": 0.004498685092807059,
      "per_seed": [
        0.23007965676184888,
        0.2297366651394644,
        0.2203696326784686
      ]
    },
    "5": {
      "mean": 0.2533830181504353,
      "std": 0.004797828487246271,
      "per_seed": [
        0.2582122904312285,
        0.25509601259162173,
        0.24684075142845566
      ]
    },
    "6": {
      "mean": 0.2634262693697841,
      "std": 0.0024962035915362876,
      "per_seed": [
        0.2666552055940149,
        0.26304753047577656,
        0.2605760720395608
      ]
    },
    "7": {
      "mean": 0.27901153814591645,
      "std": 0.0023535675783324375,
      "per_seed": [
        0.28182013282973195,
        0.2760603835238439,
        0.27915409808417346
      ]
    },
    "8": {
      "mean": 0.2896393730913998,
      "std": 0.0032884332477742654,
      "per_seed": [
        0.29428733645837063,
        0.28744961972859884,
        0.28718116308722996
      ]
    },
    "9": {
      "mean": 0.2854345016818836,
      "std": 0.0037167941820984915,
      "per_seed": [
        0.2904508584418906,
        0.28428608877076467,
        0.28156655783299556
      ]
    },
    "10": {
      "mean": 0.2784137412388277,
      "std": 0.004723048149947805,
      "per_seed": [
        0.2849734436554217,
        0.2762240752874421,
        0.2740437047736195
      ]
    },
    "11": {
      "mean": 0.28247904815826347,
      "std": 0.0008950245047352505,
      "per_seed": [
        0.28373881622468533,
        0.28174266712869755,
        0.28195566112140746
      ]
    }
  },
  "5c": {
    "ff_goodness": {
      "rho": -0.010253235132878475,
      "p": 0.002852705469442529
    },
    "active_ratio": {
      "rho": -0.056612138444238375,
      "p": 4.774024707664674e-61
    },
    "act_entropy": {
      "rho": -0.10999418689806384,
      "p": 4.492961554320616e-226
    },
    "activation_norm": {
      "rho": -0.0017974863385147863,
      "p": 0.6009982805505418
    }
  },
  "5d": {
    "fractions": [
      0.0,
      0.05,
      0.1,
      0.2,
      0.3,
      0.5
    ],
    "baseline_loss": 4.973152666091919,
    "observer": [
      4.973152666091919,
      5.027212607860565,
      5.03039089679718,
      5.073976229429245,
      4.984434299468994,
      5.049177758693695
    ],
    "magnitude": [
      4.973152666091919,
      4.941201606988907,
      4.944051475524902,
      4.984492982625961,
      5.01440017580986,
      4.943370281457901
    ],
    "random_mean": [
      4.973152666091919,
      4.98048677722613,
      4.967608101367951,
      5.015571047067643,
      4.98667612115542,
      4.936327884991964
    ],
    "random_std": [
      0.0,
      0.009869516158572891,
      0.05449742669891913,
      0.03823493877493247,
      0.06739688326914199,
      0.026186854248529127
    ]
  },
  "8": {
    "models": {
      "gpt2": {
        "model_id": "gpt2",
        "n_layers": 12,